draw_no,draw_date,ball1,ball2,ball3,ball4,ball5,star1,star2,jackpot_eur,category1_winners,draw_id,dow,year,month
1,2004-02-13,16,29,32,36,41,7,9,10143000,1,1,4,2004,2
2,2004-02-20,7,13,39,47,50,2,5,10111500,0,2,4,2004,2
3,2004-02-27,14,18,19,31,37,4,5,11880304,0,3,4,2004,2
4,2004-03-05,4,7,33,37,39,1,5,13870849,1,4,4,2004,3
5,2004-03-12,15,24,28,44,47,4,5,10171500,0,5,4,2004,3
6,2004-03-19,33,36,37,42,45,4,9,11696661,0,6,4,2004,3
7,2004-03-26,3,4,10,23,43,2,4,13451480,0,7,4,2004,3
8,2004-04-02,4,12,24,27,36,2,9,15183435,0,8,4,2004,4
9,2004-04-09,1,4,10,19,23,2,8,16752145,1,9,4,2004,4
10,2004-04-16,14,15,28,35,40,1,3,10027500,0,10,4,2004,4
11,2004-04-23,6,10,21,45,49,3,5,13390000,0,11,4,2004,4
12,2004-04-30,5,6,16,23,27,6,7,16887500,0,12,4,2004,4
13,2004-05-07,15,16,21,36,38,1,5,19983000,0,13,4,2004,5
14,2004-05-14,1,3,21,32,39,2,6,22849563,1,14,4,2004,5
15,2004-05-21,15,29,37,39,49,4,9,6712000,1,15,4,2004,5
16,2004-05-28,6,11,35,41,44,5,6,6712000,0,16,4,2004,5
17,2004-06-04,9,13,34,41,42,3,7,8735476,1,17,4,2004,6
18,2004-06-11,2,7,8,10,47,1,7,6580000,0,18,4,2004,6
19,2004-06-18,2,23,28,40,43,2,6,8140055,1,19,4,2004,6
20,2004-06-25,3,21,30,34,35,1,2,6685000,0,20,4,2004,6
21,2004-07-02,4,23,24,28,34,1,3,8214347,0,21,4,2004,7
22,2004-07-09,2,5,12,19,44,8,9,9720341,0,22,4,2004,7
23,2004-07-16,24,26,31,38,50,5,8,11275186,0,23,4,2004,7
24,2004-07-23,7,10,27,31,34,3,8,12787495,0,24,4,2004,7
25,2004-07-30,9,10,19,37,50,1,6,14603161,0,25,4,2004,7
26,2004-08-06,5,15,24,35,44,5,6,16568021,1,26,4,2004,8
27,2004-08-13,20,27,41,43,50,5,8,6740000,0,27,4,2004,8
28,2004-08-20,6,9,10,27,35,6,8,8372421,0,28,4,2004,8
29,2004-08-27,1,11,22,28,44,1,9,9880576,0,29,4,2004,8
30,2004-09-03,8,12,14,15,34,6,7,11745718,0,30,4,2004,9
31,2004-09-10,5,25,33,36,38,2,5,13705824,0,31,4,2004,9
32,2004-09-17,15,18,29,39,41,5,8,15652287,0,32,4,2004,9
33,2004-09-24,21,26,27,44,48,1,7,17853153,0,33,4,2004,9
34,2004-10-01,12,20,21,45,48,5,6,20656084,1,34,4,2004,10
35,2004-10-08,1,10,12,16,48,2,6,6950000,0,35,4,2004,10
36,2004-10-15,14,21,22,37,43,5,8,11885938,0,36,4,2004,10
37,2004-10-22,1,9,23,25,40,3,9,17398554,1,37,4,2004,10
38,2004-10-29,1,8,32,35,38,4,9,6967000,0,38,4,2004,10
39,2004-11-05,6,19,25,42,49,1,7,12066841,0,39,4,2004,11
40,2004-11-12,4,11,12,13,32,3,9,17364782,0,40,4,2004,11
41,2004-11-19,1,18,29,34,37,2,6,23523322,0,41,4,2004,11
42,2004-11-26,1,4,24,34,36,6,8,30738943,1,42,4,2004,11
43,2004-12-03,1,11,15,42,49,3,4,6945000,0,43,4,2004,12
44,2004-12-10,1,3,13,16,43,2,7,12388642,0,44,4,2004,12
45,2004-12-17,15,19,22,46,49,2,9,17973434,1,45,4,2004,12
46,2004-12-24,3,4,27,29,37,5,6,7037000,1,46,4,2004,12
47,2004-12-31,7,8,24,25,47,8,9,7074000,0,47,4,2004,12
48,2005-01-07,3,23,27,47,50,2,3,12408063,0,48,4,2005,1
49,2005-01-14,6,11,14,19,29,1,3,9148089,2,49,4,2005,1
50,2005-01-21,10,12,14,24,26,5,8,6970000,0,50,4,2005,1
51,2005-01-28,7,21,26,43,45,5,7,12275202,0,51,4,2005,1
52,2005-02-04,1,8,11,30,40,7,8,17823072,0,52,4,2005,2
53,2005-02-11,11,13,25,32,50,4,7,23978705,1,53,4,2005,2
54,2005-02-18,20,21,26,32,46,8,9,6903000,1,54,4,2005,2
55,2005-02-25,3,27,30,43,44,4,8,6907000,0,55,4,2005,2
56,2005-03-04,12,24,32,37,39,7,9,12348100,0,56,4,2005,3
57,2005-03-11,8,12,23,40,43,1,4,18499838,0,57,4,2005,3
58,2005-03-18,6,23,39,43,48,5,7,24623504,0,58,4,2005,3
59,2005-03-25,4,29,33,37,38,6,9,31323139,0,59,4,2005,3
60,2005-04-01,25,26,41,44,47,3,7,36934606,0,60,4,2005,4
61,2005-04-08,7,11,25,31,50,1,3,43951166,1,61,4,2005,4
62,2005-04-15,6,28,31,38,42,3,9,10278000,0,62,4,2005,4
63,2005-04-22,3,10,13,24,47,5,9,8128286,2,63,4,2005,4
64,2005-04-29,3,9,35,39,42,1,8,10155000,0,64,4,2005,4
65,2005-05-06,7,12,21,26,44,6,8,15917412,0,65,4,2005,5
66,2005-05-13,12,17,31,32,40,2,9,22628469,0,66,4,2005,5
67,2005-05-20,6,7,13,28,47,5,8,29611179,1,67,4,2005,5
68,2005-05-27,2,24,31,48,50,4,9,10402500,0,68,4,2005,5
69,2005-06-03,3,8,11,17,50,1,5,15902687,0,69,4,2005,6
70,2005-06-10,6,7,32,37,47,1,7,21734699,0,70,4,2005,6
71,2005-06-17,4,8,10,18,21,1,7,28094862,0,71,4,2005,6
72,2005-06-24,6,8,14,15,45,7,8,34370581,0,72,4,2005,6
73,2005-07-01,4,5,23,25,28,3,4,40827016,0,73,4,2005,7
74,2005-07-08,35,36,42,46,49,2,8,48784765,0,74,4,2005,7
75,2005-07-15,1,11,12,23,42,3,6,57176654,0,75,4,2005,7
76,2005-07-22,3,14,41,48,49,1,4,67927336,0,76,4,2005,7
77,2005-07-29,3,19,26,49,50,4,5,79881799,1,77,4,2005,7
78,2005-08-05,2,11,21,22,30,4,6,10443000,0,78,4,2005,8
79,2005-08-12,15,23,30,37,40,7,9,17327035,0,79,4,2005,8
80,2005-08-19,11,24,29,31,41,1,3,24045393,0,80,4,2005,8
81,2005-08-26,9,29,35,40,41,1,6,31534575,0,81,4,2005,8
82,2005-09-02,3,4,14,43,50,3,6,39270421,0,82,4,2005,9
83,2005-09-09,8,12,19,31,50,6,7,44899448,0,83,4,2005,9
84,2005-09-16,12,13,19,21,38,3,9,51513123,1,84,4,2005,9
85,2005-09-23,1,26,31,34,47,4,9,10200000,0,85,4,2005,9
86,2005-09-30,6,11,47,48,50,1,6,4255018,4,86,4,2005,9
87,2005-10-07,2,13,21,26,44,3,9,5167500,2,87,4,2005,10
88,2005-10-14,10,11,19,20,23,1,6,10215000,1,88,4,2005,10
89,2005-10-21,1,14,19,29,33,1,8,10143000,0,89,4,2005,10
90,2005-10-28,14,36,44,47,50,3,5,16727964,0,90,4,2005,10
91,2005-11-04,26,36,37,38,42,2,6,23432048,0,91,4,2005,11
92,2005-11-11,15,16,36,41,42,3,5,30453995,1,92,4,2005,11
93,2005-11-18,17,18,25,34,48,2,3,10312500,0,93,4,2005,11
94,2005-11-25,1,6,27,39,47,1,6,16846594,0,94,4,2005,11
95,2005-12-02,1,9,20,23,30,4,7,23443437,0,95,4,2005,12
96,2005-12-09,11,18,35,38,42,1,5,30453067,0,96,4,2005,12
97,2005-12-16,2,3,15,18,32,6,7,38305717,0,97,4,2005,12
98,2005-12-23,15,31,36,37,42,1,7,45483082,0,98,4,2005,12
99,2005-12-30,8,16,19,43,45,1,4,53342474,0,99,4,2005,12
100,2006-01-06,2,6,9,14,26,4,5,61801800,0,100,4,2006,1
101,2006-01-13,8,12,19,33,34,1,6,73898698,0,101,4,2006,1
102,2006-01-20,12,15,33,44,50,2,6,87820908,0,102,4,2006,1
103,2006-01-27,9,15,21,40,49,1,4,105412292,0,103,4,2006,1
104,2006-02-03,9,21,30,39,50,1,3,42019877,3,104,4,2006,2
105,2006-02-10,5,6,38,48,50,6,7,10296000,0,105,4,2006,2
106,2006-02-17,4,23,24,26,38,2,4,19180108,1,106,4,2006,2
107,2006-02-24,1,11,18,19,47,3,7,10255500,0,107,4,2006,2
108,2006-03-03,3,5,8,10,44,3,5,18470476,0,108,4,2006,3
109,2006-03-10,1,21,33,45,49,4,8,26351576,0,109,4,2006,3
110,2006-03-17,5,32,44,45,50,1,7,36196725,0,110,4,2006,3
111,2006-03-24,17,28,33,35,47,4,9,45191782,0,111,4,2006,3
112,2006-03-31,3,20,31,45,50,6,7,53102939,1,112,4,2006,3
113,2006-04-07,12,13,29,44,50,4,5,10485000,0,113,4,2006,4
114,2006-04-14,16,26,34,35,49,2,6,17804198,1,114,4,2006,4
115,2006-04-21,1,20,22,37,46,1,9,10440000,0,115,4,2006,4
116,2006-04-28,5,10,17,22,33,5,7,4492567,4,116,4,2006,4
117,2006-05-05,4,8,14,16,50,3,9,10320000,0,117,4,2006,5
118,2006-05-12,5,20,23,34,50,1,5,8794649,2,118,4,2006,5
119,2006-05-19,3,5,25,34,49,5,8,10137000,1,119,4,2006,5
120,2006-05-26,2,12,21,41,49,3,7,5163000,2,120,4,2006,5
121,2006-06-02,7,8,27,41,48,1,6,10335000,0,121,4,2006,6
122,2006-06-09,3,12,15,34,39,4,6,17366509,0,122,4,2006,6
123,2006-06-16,1,16,26,30,36,3,9,24499898,0,123,4,2006,6
124,2006-06-23,9,21,30,43,44,1,9,32403049,0,124,4,2006,6
125,2006-06-30,6,15,16,40,43,1,2,40812950,0,125,4,2006,6
126,2006-07-07,7,9,18,35,43,5,7,23809497,2,126,4,2006,7
127,2006-07-14,1,7,17,31,36,2,8,10374000,0,127,4,2006,7
128,2006-07-21,2,4,9,38,50,6,8,17191693,1,128,4,2006,7
129,2006-07-28,3,8,12,29,43,6,7,10326000,0,129,4,2006,7
130,2006-08-04,1,14,15,26,32,3,7,16954778,0,130,4,2006,8
131,2006-08-11,27,28,31,46,47,2,5,23807666,0,131,4,2006,8
132,2006-08-18,12,37,39,40,50,1,2,31392520,0,132,4,2006,8
133,2006-08-25,10,28,40,47,48,6,8,39013160,1,133,4,2006,8
134,2006-09-01,3,7,25,45,50,6,9,10155000,0,134,4,2006,9
135,2006-09-08,1,10,12,32,33,1,8,17240142,0,135,4,2006,9
136,2006-09-15,6,10,16,26,49,7,9,24337182,0,136,4,2006,9
137,2006-09-22,10,29,30,45,49,3,8,31939763,0,137,4,2006,9
138,2006-09-29,1,3,6,18,24,5,8,40239985,0,138,4,2006,9
139,2006-10-06,5,11,22,35,38,7,8,46854371,0,139,4,2006,10
140,2006-10-13,2,25,32,38,41,3,5,56070560,0,140,4,2006,10
141,2006-10-20,10,19,34,45,47,3,6,65142684,0,141,4,2006,10
142,2006-10-27,3,4,8,44,50,7,8,76340225,0,142,4,2006,10
143,2006-11-03,11,13,24,44,49,3,9,88344099,0,143,4,2006,11
144,2006-11-10,14,21,27,30,36,2,3,103732783,0,144,4,2006,11
145,2006-11-17,12,22,32,33,36,2,6,6750278,20,145,4,2006,11
146,2006-11-24,5,8,17,25,40,1,5,5061750,2,146,4,2006,11
147,2006-12-01,4,8,16,37,41,2,5,10155000,0,147,4,2006,12
148,2006-12-08,16,17,18,36,47,1,2,18316018,0,148,4,2006,12
149,2006-12-15,9,23,35,37,42,3,7,26717930,0,149,4,2006,12
150,2006-12-22,9,11,20,38,43,2,3,35802728,0,150,4,2006,12
151,2006-12-29,6,9,13,14,35,3,4,45347820,0,151,4,2006,12
152,2007-01-05,17,19,29,36,45,5,6,26508665,2,152,4,2007,1
153,2007-01-12,8,11,14,19,25,3,5,9931500,1,153,4,2007,1
154,2007-01-19,5,13,27,33,42,2,4,9892500,1,154,4,2007,1
155,2007-01-26,11,15,23,30,38,4,9,9925500,0,155,4,2007,1
156,2007-02-02,14,23,27,30,36,1,6,17980945,1,156,4,2007,2
157,2007-02-09,14,16,30,36,46,2,8,66980000,1,157,4,2007,2
158,2007-02-16,8,19,20,39,50,6,9,10147500,0,158,4,2007,2
159,2007-02-23,2,15,18,20,22,2,5,19003239,0,159,4,2007,2
160,2007-03-02,3,16,34,38,48,5,8,14407661,2,160,4,2007,3
161,2007-03-09,2,3,25,43,48,6,9,10222500,0,161,4,2007,3
162,2007-03-16,4,14,31,45,49,4,9,19068212,0,162,4,2007,3
163,2007-03-23,5,13,17,40,43,1,3,27883920,1,163,4,2007,3
164,2007-03-30,9,17,19,41,46,1,8,10222500,0,164,4,2007,3
165,2007-04-06,15,23,29,41,48,3,6,18409444,1,165,4,2007,4
166,2007-04-13,7,20,25,38,41,3,7,10255500,1,166,4,2007,4
167,2007-04-20,23,26,32,41,45,3,7,10222500,0,167,4,2007,4
168,2007-04-27,7,18,27,36,44,1,2,18412118,0,168,4,2007,4
169,2007-05-04,6,17,35,41,45,1,5,27129600,0,169,4,2007,5
170,2007-05-11,7,12,26,29,49,2,6,12184606,3,170,4,2007,5
171,2007-05-18,26,34,37,39,49,2,6,10300500,1,171,4,2007,5
172,2007-05-25,25,26,29,49,50,7,8,10198500,1,172,4,2007,5
173,2007-06-01,6,22,37,41,42,6,9,10213500,1,173,4,2007,6
174,2007-06-08,1,15,17,25,45,2,8,10227000,0,174,4,2007,6
175,2007-06-15,5,7,14,21,40,3,8,18315755,1,175,4,2007,6
176,2007-06-22,11,16,17,22,34,5,6,10143000,0,176,4,2007,6
177,2007-06-29,8,12,28,33,45,1,3,18141468,0,177,4,2007,6
178,2007-07-06,4,5,19,39,41,8,9,27130830,0,178,4,2007,7
179,2007-07-13,9,13,15,31,48,3,6,38751123,1,179,4,2007,7
180,2007-07-20,10,21,25,26,50,4,9,10129500,0,180,4,2007,7
181,2007-07-27,1,4,21,29,41,7,8,18065039,0,181,4,2007,7
182,2007-08-03,10,30,33,37,41,1,8,26567438,0,182,4,2007,8
183,2007-08-10,23,40,42,43,49,2,6,35425412,1,183,4,2007,8
184,2007-08-17,2,3,13,38,42,7,8,10245000,0,184,4,2007,8
185,2007-08-24,1,3,16,42,48,2,3,18180933,0,185,4,2007,8
186,2007-08-31,6,18,22,23,37,5,6,26533768,1,186,4,2007,8
187,2007-09-07,2,3,33,34,42,3,5,10222500,1,187,4,2007,9
188,2007-09-14,5,9,11,29,33,7,9,10407000,0,188,4,2007,9
189,2007-09-21,1,17,32,35,37,1,8,19075668,1,189,4,2007,9
190,2007-09-28,22,30,34,35,44,4,5,89986000,0,190,4,2007,9
191,2007-10-05,11,20,27,35,44,2,5,2085000,5,191,4,2007,10
192,2007-10-12,21,32,36,46,47,3,4,5250000,2,192,4,2007,10
193,2007-10-19,7,18,34,35,40,7,8,10515000,0,193,4,2007,10
194,2007-10-26,7,20,38,40,43,1,8,19424115,0,194,4,2007,10
195,2007-11-02,3,16,18,19,40,1,2,28675991,1,195,4,2007,11
196,2007-11-09,5,14,22,25,36,5,6,5283750,2,196,4,2007,11
197,2007-11-16,9,18,23,33,37,1,8,10744500,0,197,4,2007,11
198,2007-11-23,2,10,22,29,48,3,9,19779134,1,198,4,2007,11
199,2007-11-30,12,19,20,30,38,7,9,10713000,0,199,4,2007,11
200,2007-12-07,2,4,32,43,48,1,7,19829479,1,200,4,2007,12
201,2007-12-14,8,25,30,36,44,3,4,10765500,0,201,4,2007,12
202,2007-12-21,7,9,28,37,44,6,7,20144622,1,202,4,2007,12
203,2007-12-28,20,21,22,31,45,7,9,11092500,0,203,4,2007,12
204,2008-01-04,10,12,24,25,41,3,5,20174823,0,204,4,2008,1
205,2008-01-11,8,24,36,49,50,4,8,30830593,0,205,4,2008,1
206,2008-01-18,14,16,23,40,46,4,8,43043848,0,206,4,2008,1
207,2008-01-25,2,6,9,19,45,7,8,56838131,1,207,4,2008,1
208,2008-02-01,22,30,45,47,49,4,9,11314500,0,208,4,2008,2
209,2008-02-08,17,28,30,38,44,1,4,96525000,0,209,4,2008,2
210,2008-02-15,12,27,29,45,46,4,7,11254500,0,210,4,2008,2
211,2008-02-22,4,27,32,46,50,8,9,21828987,1,211,4,2008,2
212,2008-02-29,12,37,40,47,49,2,9,11482500,1,212,4,2008,2
213,2008-03-07,2,7,14,17,35,1,6,11449500,0,213,4,2008,3
214,2008-03-14,13,21,25,35,48,4,8,21956568,1,214,4,2008,3
215,2008-03-21,2,10,18,22,36,4,6,11700000,1,215,4,2008,3
216,2008-03-28,5,9,17,29,39,3,6,11893500,0,216,4,2008,3
217,2008-04-04,11,13,18,37,47,1,6,22132109,0,217,4,2008,4
218,2008-04-11,6,25,30,45,50,5,7,34029801,0,218,4,2008,4
219,2008-04-18,3,6,7,27,50,5,9,46291408,1,219,4,2008,4
220,2008-04-25,4,19,26,27,30,3,8,11808000,0,220,4,2008,4
221,2008-05-02,2,26,37,45,48,4,8,21330632,0,221,4,2008,5
222,2008-05-09,8,9,40,42,45,6,7,32235833,0,222,4,2008,5
223,2008-05-16,6,9,15,25,38,4,9,44376310,1,223,4,2008,5
224,2008-05-23,5,9,19,21,38,1,7,2989875,4,224,4,2008,5
225,2008-05-30,5,7,14,20,49,2,8,11785500,1,225,4,2008,5
226,2008-06-06,7,19,21,40,50,2,9,12021000,0,226,4,2008,6
227,2008-06-13,13,16,37,44,50,1,9,23643210,0,227,4,2008,6
228,2008-06-20,8,11,36,37,45,3,5,34282210,0,228,4,2008,6
229,2008-06-27,5,20,26,44,50,5,7,46162270,1,229,4,2008,6
230,2008-07-04,7,19,22,27,48,5,7,11887500,1,230,4,2008,7
231,2008-07-11,9,11,13,19,37,3,4,12022500,1,231,4,2008,7
232,2008-07-18,10,14,16,29,44,5,6,11904000,1,232,4,2008,7
233,2008-07-25,7,11,15,24,29,2,7,11836500,0,233,4,2008,7
234,2008-08-01,1,22,25,40,50,1,8,21278542,0,234,4,2008,8
235,2008-08-08,4,5,15,16,45,4,7,31572685,0,235,4,2008,8
236,2008-08-15,11,17,18,26,31,5,6,42652554,0,236,4,2008,8
237,2008-08-22,7,27,29,39,50,5,7,56497830,0,237,4,2008,8
238,2008-08-29,2,20,25,37,39,5,8,73535143,0,238,4,2008,8
239,2008-09-05,7,12,16,17,39,3,8,48247119,2,239,4,2008,9
240,2008-09-12,19,23,33,37,50,3,7,11902500,1,240,4,2008,9
241,2008-09-19,14,16,19,20,31,6,9,11848500,0,241,4,2008,9
242,2008-09-26,14,29,31,33,37,1,2,102804000,0,242,4,2008,9
243,2008-10-03,4,13,19,23,38,2,3,11697000,0,243,4,2008,10
244,2008-10-10,4,15,22,31,41,1,6,22911461,1,244,4,2008,10
245,2008-10-17,3,10,12,42,50,1,5,11643000,0,245,4,2008,10
246,2008-10-24,7,15,16,17,45,6,9,22430836,0,246,4,2008,10
247,2008-10-31,3,18,25,34,41,2,5,17036152,2,247,4,2008,10
248,2008-11-07,1,9,12,17,18,3,4,12232500,1,248,4,2008,11
249,2008-11-14,8,10,14,21,26,3,4,12916500,1,249,4,2008,11
250,2008-11-21,9,14,21,49,50,3,8,12733500,0,250,4,2008,11
251,2008-11-28,8,11,16,25,41,2,4,23209583,1,251,4,2008,11
252,2008-12-05,4,8,21,35,45,5,8,12993000,1,252,4,2008,12
253,2008-12-12,2,19,28,42,49,2,7,6723750,2,253,4,2008,12
254,2008-12-19,28,29,40,46,50,5,7,14019000,0,254,4,2008,12
255,2008-12-26,1,2,26,44,50,1,7,25725186,0,255,4,2008,12
256,2009-01-02,29,30,36,37,48,1,6,38731512,0,256,4,2009,1
257,2009-01-09,7,15,22,28,48,1,4,50993587,1,257,4,2009,1
258,2009-01-16,3,17,22,49,50,3,6,13554000,1,258,4,2009,1
259,2009-01-23,32,33,36,40,49,2,8,14193000,0,259,4,2009,1
260,2009-01-30,4,29,34,35,46,5,8,25509888,1,260,4,2009,1
261,2009-02-06,10,20,30,36,40,3,5,6563250,2,261,4,2009,2
262,2009-02-13,22,33,36,40,42,1,2,13461000,0,262,4,2009,2
263,2009-02-20,9,12,13,14,48,1,2,25094625,0,263,4,2009,2
264,2009-02-27,5,9,37,44,45,6,9,38191683,0,264,4,2009,2
265,2009-03-06,13,17,19,25,35,5,6,45060000,2,265,4,2009,3
266,2009-03-13,12,24,26,36,42,1,4,14858473,0,266,4,2009,3
267,2009-03-20,12,16,23,31,35,4,6,14023690,2,267,4,2009,3
268,2009-03-27,25,33,36,38,42,6,7,14082000,0,268,4,2009,3
269,2009-04-03,2,20,24,32,46,1,9,25879558,0,269,4,2009,4
270,2009-04-10,9,14,16,37,46,2,4,38126495,0,270,4,2009,4
271,2009-04-17,4,7,21,44,47,1,5,51694404,0,271,4,2009,4
272,2009-04-24,4,14,21,24,41,5,8,69762491,0,272,4,2009,4
273,2009-05-01,5,19,31,38,47,3,5,88364737,0,273,4,2009,5
274,2009-05-08,4,23,24,29,31,8,9,113229891,1,274,4,2009,5
275,2009-05-15,8,18,19,20,42,5,9,13402500,1,275,4,2009,5
276,2009-05-22,4,13,14,33,43,1,6,13254000,0,276,4,2009,5
277,2009-05-29,2,5,30,37,47,3,6,24953014,0,277,4,2009,5
278,2009-06-05,11,19,26,35,40,2,5,37574774,0,278,4,2009,6
279,2009-06-12,6,14,16,34,50,4,6,24951269,2,279,4,2009,6
280,2009-06-19,4,16,17,20,29,5,7,12853500,1,280,4,2009,6
281,2009-06-26,6,11,21,30,39,2,8,12787500,0,281,4,2009,6
282,2009-07-03,21,29,34,46,47,6,8,24056336,0,282,4,2009,7
283,2009-07-10,6,16,20,42,46,1,6,36399342,0,283,4,2009,7
284,2009-07-17,2,8,17,32,50,3,7,49802092,1,284,4,2009,7
285,2009-07-24,14,15,25,35,47,5,9,13008000,0,285,4,2009,7
286,2009-07-31,5,9,20,21,26,3,6,23957846,0,286,4,2009,7
287,2009-08-07,10,20,22,24,31,2,7,35727239,0,287,4,2009,8
288,2009-08-14,5,8,24,30,49,3,9,49372566,0,288,4,2009,8
289,2009-08-21,4,7,16,31,42,3,5,32731271,2,289,4,2009,8
290,2009-08-28,8,36,37,41,49,5,7,13219500,0,290,4,2009,8
291,2009-09-04,6,9,20,38,39,3,9,24942782,0,291,4,2009,9
292,2009-09-11,12,15,35,42,43,4,6,37805108,0,292,4,2009,9
293,2009-09-18,6,16,30,38,41,2,4,90740000,1,293,4,2009,9
294,2009-09-25,6,17,18,21,34,3,9,13830000,1,294,4,2009,9
295,2009-10-02,22,23,24,29,44,1,5,13764000,0,295,4,2009,10
296,2009-10-09,7,11,29,46,50,4,7,27066647,0,296,4,2009,10
297,2009-10-16,12,23,30,31,47,3,4,40391228,0,297,4,2009,10
298,2009-10-23,6,18,20,29,31,2,8,55868893,0,298,4,2009,10
299,2009-10-30,9,33,35,38,40,2,6,71278155,0,299,4,2009,10
300,2009-11-06,11,19,34,43,45,5,9,45570836,2,300,4,2009,11
301,2009-11-13,13,15,25,26,32,3,4,14839480,1,301,4,2009,11
302,2009-11-20,5,9,28,43,47,2,9,13536000,1,302,4,2009,11
303,2009-11-27,5,8,13,15,33,8,9,13660500,0,303,4,2009,11
304,2009-12-04,18,19,25,30,44,1,3,26301056,0,304,4,2009,12
305,2009-12-11,20,41,43,44,46,2,9,39585642,0,305,4,2009,12
306,2009-12-18,14,30,32,35,49,3,8,52883496,1,306,4,2009,12
307,2009-12-25,4,5,14,17,34,3,5,13590000,0,307,4,2009,12
308,2010-01-01,9,22,24,27,36,5,7,25315385,0,308,4,2010,1
309,2010-01-08,4,5,14,44,46,8,9,38666984,0,309,4,2010,1
310,2010-01-15,11,26,29,49,50,4,7,26151124,2,310,4,2010,1
311,2010-01-22,4,22,27,36,44,7,9,13197000,0,311,4,2010,1
312,2010-01-29,9,17,30,39,43,5,7,25403095,1,312,4,2010,1
313,2010-02-05,34,35,38,39,46,3,4,87570000,0,313,4,2010,2
314,2010-02-12,1,5,18,38,45,4,6,56008113,2,314,4,2010,2
315,2010-02-19,12,31,37,38,43,2,3,13222500,0,315,4,2010,2
316,2010-02-26,7,11,18,29,42,6,7,26963008,0,316,4,2010,2
317,2010-03-05,12,18,19,43,49,3,9,41706216,1,317,4,2010,3
318,2010-03-12,1,26,33,36,46,6,7,13633500,0,318,4,2010,3
319,2010-03-19,10,28,30,38,39,2,7,26412247,0,319,4,2010,3
320,2010-03-26,8,16,18,37,43,2,6,39754555,1,320,4,2010,3
321,2010-04-02,12,18,24,26,45,4,5,13339500,1,321,4,2010,4
322,2010-04-09,7,21,23,24,44,3,4,13177500,0,322,4,2010,4
323,2010-04-16,9,11,17,26,40,3,9,25378348,0,323,4,2010,4
324,2010-04-23,3,7,8,43,46,6,8,38064784,0,324,4,2010,4
325,2010-04-30,6,22,24,25,36,3,8,52603784,0,325,4,2010,4
326,2010-05-07,3,6,15,21,32,7,9,67967955,0,326,4,2010,5
327,2010-05-14,1,17,31,43,47,2,3,84451321,1,327,4,2010,5
328,2010-05-21,7,19,30,38,50,4,7,13072500,1,328,4,2010,5
329,2010-05-28,4,9,31,32,33,3,7,12693000,1,329,4,2010,5
330,2010-06-04,4,17,34,40,42,4,9,12442500,1,330,4,2010,6
331,2010-06-11,2,22,24,36,44,1,2,12408000,1,331,4,2010,6
332,2010-06-18,2,29,31,32,38,1,4,12540000,0,332,4,2010,6
333,2010-06-25,1,8,18,28,31,8,9,23090988,1,333,4,2010,6
334,2010-07-02,12,13,36,41,46,1,8,12424500,0,334,4,2010,7
335,2010-07-09,9,24,37,39,49,3,9,23591586,0,335,4,2010,7
336,2010-07-16,38,39,45,46,49,7,8,35767540,1,336,4,2010,7
337,2010-07-23,4,13,35,37,46,3,9,12592500,0,337,4,2010,7
338,2010-07-30,3,4,11,28,39,2,8,23414853,1,338,4,2010,7
339,2010-08-06,13,25,28,29,42,4,5,12502500,1,339,4,2010,8
340,2010-08-13,4,9,15,21,47,2,7,4093500,3,340,4,2010,8
341,2010-08-20,5,27,31,40,42,1,6,12202500,1,341,4,2010,8
342,2010-08-27,1,6,13,30,49,1,9,6173250,2,342,4,2010,8
343,2010-09-03,13,24,26,47,49,4,8,12543000,1,343,4,2010,9
344,2010-09-10,17,21,35,41,45,1,5,12454500,1,344,4,2010,9
345,2010-09-17,17,27,29,38,50,1,3,12558000,0,345,4,2010,9
346,2010-09-24,1,4,16,40,48,1,9,12235471,2,346,4,2010,9
347,2010-10-01,1,4,6,27,48,1,6,87100000,0,347,4,2010,10
348,2010-10-08,9,30,35,39,46,6,8,113019926,1,348,4,2010,10
349,2010-10-15,2,31,36,38,43,3,7,13152000,0,349,4,2010,10
350,2010-10-22,4,5,9,11,39,3,5,13115962,2,350,4,2010,10
351,2010-10-29,16,20,22,32,42,8,9,13042500,0,351,4,2010,10
352,2010-11-05,21,23,33,40,50,4,5,25300621,1,352,4,2010,11
353,2010-11-12,7,19,23,29,47,1,6,13716650,0,353,4,2010,11
354,2010-11-19,12,15,32,36,45,7,9,25874272,0,354,4,2010,11
355,2010-11-26,9,28,36,41,49,5,7,38556253,1,355,4,2010,11
356,2010-12-03,8,19,28,32,46,4,7,12748500,0,356,4,2010,12
357,2010-12-10,2,3,10,33,46,7,8,24100215,0,357,4,2010,12
358,2010-12-17,3,20,29,35,42,3,8,37234742,1,358,4,2010,12
359,2010-12-24,19,36,38,42,46,2,8,16301884,1,359,4,2010,12
360,2010-12-31,2,24,34,38,43,1,7,13178614,1,360,4,2010,12
361,2011-01-07,1,22,32,48,50,6,7,12487500,1,361,4,2011,1
362,2011-01-14,2,14,24,39,44,6,7,12657000,0,362,4,2011,1
363,2011-01-21,3,11,13,18,21,4,5,12354361,2,363,4,2011,1
364,2011-01-28,13,23,24,41,42,1,5,12940500,0,364,4,2011,1
365,2011-02-04,2,11,24,35,47,5,9,4873640,5,365,4,2011,2
366,2011-02-11,12,14,15,19,23,7,8,12714000,0,366,4,2011,2
367,2011-02-18,2,3,15,45,49,5,9,24146665,0,367,4,2011,2
368,2011-02-25,12,13,42,45,48,3,9,37687076,0,368,4,2011,2
369,2011-03-04,11,25,27,28,41,5,8,53278317,0,369,4,2011,3
370,2011-03-11,17,19,24,37,46,2,7,71628834,0,370,4,2011,3
371,2011-03-18,1,13,20,26,50,6,7,94101577,0,371,4,2011,3
372,2011-03-25,6,12,21,27,33,3,7,60861008,2,372,4,2011,3
373,2011-04-01,4,17,21,22,33,4,8,13269000,1,373,4,2011,4
374,2011-04-08,21,23,38,47,50,2,6,13275000,0,374,4,2011,4
375,2011-04-15,4,6,21,39,41,2,6,25974202,0,375,4,2011,4
376,2011-04-22,11,22,36,45,48,1,4,38301216,1,376,4,2011,4
377,2011-04-29,15,25,38,40,41,1,2,13335000,0,377,4,2011,4
378,2011-05-06,11,16,20,22,28,4,9,25227296,1,378,4,2011,5
379,2011-05-10,3,10,15,28,45,5,7,88200000,0,379,1,2011,5
380,2011-05-13,9,11,17,36,47,1,2,105892179,1,380,4,2011,5
381,2011-05-17,20,21,37,45,46,2,3,13143000,0,381,1,2011,5
382,2011-05-20,10,14,20,25,42,8,11,24115451,1,382,4,2011,5
383,2011-05-24,16,23,24,26,29,2,9,13102500,0,383,1,2011,5
384,2011-05-27,9,17,25,28,49,8,9,23752200,0,384,4,2011,5
385,2011-05-31,1,9,10,22,50,5,11,29730067,0,385,1,2011,5
386,2011-06-03,4,39,40,49,50,2,5,41359053,0,386,4,2011,6
387,2011-06-07,6,25,36,38,40,4,10,48962688,0,387,1,2011,6
388,2011-06-10,3,19,20,37,48,8,11,60872491,0,388,4,2011,6
389,2011-06-14,5,12,19,41,48,8,10,68132630,0,389,1,2011,6
390,2011-06-17,11,16,21,22,44,3,8,82001875,0,390,4,2011,6
391,2011-06-21,17,20,35,49,50,3,4,91693456,0,391,1,2011,6
392,2011-06-24,5,16,20,30,41,6,11,107428374,0,392,4,2011,6
393,2011-06-28,15,16,30,44,50,2,3,120687895,0,393,1,2011,6
394,2011-07-01,8,11,23,31,46,8,9,141820902,0,394,4,2011,7
395,2011-07-05,11,28,29,47,49,1,5,159008879,0,395,1,2011,7
396,2011-07-08,12,13,23,40,49,7,10,164761000,0,396,4,2011,7
397,2011-07-12,17,19,38,42,45,9,10,161653000,1,397,1,2011,7
398,2011-07-15,6,26,33,34,39,3,4,13173000,0,398,4,2011,7
399,2011-07-19,3,16,25,26,35,5,9,20319793,1,399,1,2011,7
400,2011-07-22,4,15,23,49,50,2,6,6612750,2,400,4,2011,7
401,2011-07-26,1,5,22,25,48,3,11,13272000,0,401,1,2011,7
402,2011-07-29,12,19,27,37,38,5,10,23933989,1,402,4,2011,7
403,2011-08-02,5,8,14,24,33,3,8,13080000,0,403,1,2011,8
404,2011-08-05,13,14,18,32,34,1,10,23440309,0,404,4,2011,8
405,2011-08-09,7,23,24,34,36,8,11,30055771,0,405,1,2011,8
406,2011-08-12,7,10,20,27,37,4,7,40675287,0,406,4,2011,8
407,2011-08-16,1,13,17,18,45,3,8,47058914,0,407,1,2011,8
408,2011-08-19,6,14,16,28,31,2,11,58085462,0,408,4,2011,8
409,2011-08-23,4,6,14,42,50,2,4,65488523,0,409,1,2011,8
410,2011-08-26,12,22,25,33,45,5,7,78976312,0,410,4,2011,8
411,2011-08-30,2,8,10,19,46,5,9,87376837,0,411,1,2011,8
412,2011-09-02,12,26,37,38,44,4,7,101404135,0,412,4,2011,9
413,2011-09-06,35,42,47,48,50,8,9,111920466,0,413,1,2011,9
414,2011-09-09,5,21,28,31,34,1,2,126867263,0,414,4,2011,9
415,2011-09-13,9,28,30,32,49,9,10,140822522,1,415,1,2011,9
416,2011-09-16,2,8,17,39,42,3,10,13108500,1,416,4,2011,9
417,2011-09-20,9,19,25,36,38,7,11,13039500,0,417,1,2011,9
418,2011-09-23,6,14,33,34,48,2,6,23961854,0,418,4,2011,9
419,2011-09-27,18,27,28,35,40,3,5,30913743,0,419,1,2011,9
420,2011-09-30,5,15,28,31,44,1,6,13912755,3,420,4,2011,9
421,2011-10-04,14,16,23,38,45,8,11,86290000,0,421,1,2011,10
422,2011-10-07,18,26,34,38,42,5,8,101203601,1,422,4,2011,10
423,2011-10-11,1,4,12,16,48,9,10,13152000,0,423,1,2011,10
424,2011-10-14,12,23,29,32,47,3,5,24130874,0,424,4,2011,10
425,2011-10-18,18,23,37,46,48,2,10,30927684,0,425,1,2011,10
426,2011-10-21,2,19,33,37,46,5,8,20841014,2,426,4,2011,10
427,2011-10-25,12,22,27,28,39,4,10,13059000,0,427,1,2011,10
428,2011-10-28,16,17,20,39,50,4,8,23734845,0,428,4,2011,10
429,2011-11-01,14,20,23,45,46,1,11,28991611,0,429,1,2011,11
430,2011-11-04,11,14,41,43,50,2,9,39862087,0,430,4,2011,11
431,2011-11-08,1,4,15,29,40,1,5,46793457,0,431,1,2011,11
432,2011-11-11,1,4,18,23,30,3,7,58162735,1,432,4,2011,11
433,2011-11-15,6,17,22,45,47,3,11,12817500,1,433,1,2011,11
434,2011-11-18,4,12,24,39,44,2,4,12850500,0,434,4,2011,11
435,2011-11-22,16,18,24,38,40,2,4,18941023,0,435,1,2011,11
436,2011-11-25,14,19,26,28,34,5,8,30126040,1,436,4,2011,11
437,2011-11-29,11,25,41,45,50,2,7,12825000,0,437,1,2011,11
438,2011-12-02,7,27,30,40,43,8,9,23341756,1,438,4,2011,12
439,2011-12-06,19,20,21,34,38,3,9,12904500,0,439,1,2011,12
440,2011-12-09,12,21,29,44,47,1,2,22918879,0,440,4,2011,12
441,2011-12-13,7,12,18,33,37,1,11,28908882,0,441,1,2011,12
442,2011-12-16,2,5,10,23,31,2,5,39175449,1,442,4,2011,12
443,2011-12-20,1,9,12,14,48,1,7,12549000,0,443,1,2011,12
444,2011-12-23,7,21,22,24,28,1,11,25852188,0,444,4,2011,12
445,2011-12-27,19,21,25,26,44,3,7,31879970,0,445,1,2011,12
446,2011-12-30,16,36,43,44,50,7,8,43303615,0,446,4,2011,12
447,2012-01-03,3,30,42,45,49,5,10,50010872,0,447,1,2012,1
448,2012-01-06,1,6,10,12,31,2,7,30177623,2,448,4,2012,1
449,2012-01-10,4,9,10,30,40,2,9,12394500,0,449,1,2012,1
450,2012-01-13,13,14,21,27,39,6,8,24189679,0,450,4,2012,1
451,2012-01-17,12,22,30,31,44,5,6,30343120,0,451,1,2012,1
452,2012-01-20,2,10,22,27,28,6,8,40627241,1,452,4,2012,1
453,2012-01-24,1,2,6,20,36,8,11,12523500,0,453,1,2012,1
454,2012-01-27,10,13,19,39,44,2,6,22380458,0,454,4,2012,1
455,2012-01-31,9,34,38,43,45,2,4,28074424,0,455,1,2012,1
456,2012-02-03,16,19,20,25,28,1,10,38388399,0,456,4,2012,2
457,2012-02-07,3,15,17,28,33,2,4,45160171,1,457,1,2012,2
458,2012-02-10,3,8,14,31,41,7,11,12565500,0,458,4,2012,2
459,2012-02-14,14,27,36,42,46,8,11,18731949,0,459,1,2012,2
460,2012-02-17,4,11,28,38,47,10,11,28527269,0,460,4,2012,2
461,2012-02-21,11,14,24,25,29,7,11,35142486,0,461,1,2012,2
462,2012-02-24,3,7,12,26,34,8,10,46432285,1,462,4,2012,2
463,2012-02-28,1,10,17,33,48,2,3,12720000,0,463,1,2012,2
464,2012-03-02,5,6,11,30,44,2,6,22198233,1,464,4,2012,3
465,2012-03-06,23,24,27,37,47,2,6,12525000,0,465,1,2012,3
466,2012-03-09,3,32,36,39,47,6,9,22200501,0,466,4,2012,3
467,2012-03-13,1,10,25,43,47,8,9,28201173,0,467,1,2012,3
468,2012-03-16,3,4,12,23,50,4,7,38034640,1,468,4,2012,3
469,2012-03-20,15,16,28,30,46,3,4,12508500,0,469,1,2012,3
470,2012-03-23,9,15,23,31,50,8,11,21827112,1,470,4,2012,3
471,2012-03-27,24,27,29,34,36,7,8,12555000,1,471,1,2012,3
472,2012-03-30,4,17,23,36,46,6,10,12522000,0,472,4,2012,3
473,2012-04-03,1,8,18,25,30,9,10,18087550,0,473,1,2012,4
474,2012-04-06,11,20,30,35,45,2,3,27033455,0,474,4,2012,4
475,2012-04-10,22,25,27,36,37,5,9,32603075,0,475,1,2012,4
476,2012-04-13,8,13,26,39,43,3,5,44408417,1,476,4,2012,4
477,2012-04-17,10,28,33,48,49,1,10,12369000,0,477,1,2012,4
478,2012-04-20,3,6,29,32,41,10,11,21345735,0,478,4,2012,4
479,2012-04-24,8,9,24,43,48,3,5,26895374,0,479,1,2012,4
480,2012-04-27,20,27,30,36,43,1,6,36231900,1,480,4,2012,4
481,2012-05-01,4,5,15,19,41,9,11,12258000,0,481,1,2012,5
482,2012-05-04,3,26,39,40,41,1,2,21084008,0,482,4,2012,5
483,2012-05-08,3,21,34,38,48,5,8,26250991,0,483,1,2012,5
484,2012-05-11,1,13,17,38,44,2,11,35495169,0,484,4,2012,5
485,2012-05-15,2,11,13,26,50,2,5,41232245,0,485,1,2012,5
486,2012-05-18,13,29,43,47,50,9,11,53068969,0,486,4,2012,5
487,2012-05-22,16,31,32,37,41,1,7,60290704,0,487,1,2012,5
488,2012-05-25,12,22,35,46,49,2,8,71823678,0,488,4,2012,5
489,2012-05-29,8,15,17,25,28,3,11,80806756,0,489,1,2012,5
490,2012-06-01,2,4,14,26,36,9,10,97123444,0,490,4,2012,6
491,2012-06-05,13,34,37,47,49,8,9,109315762,0,491,1,2012,6
492,2012-06-08,5,11,22,34,40,9,11,63837544,2,492,4,2012,6
493,2012-06-12,8,15,26,30,48,9,10,12043500,0,493,1,2012,6
494,2012-06-15,10,22,27,38,48,3,7,10814550,2,494,4,2012,6
495,2012-06-19,7,17,20,35,50,5,11,12109500,1,495,1,2012,6
496,2012-06-22,14,18,19,43,49,3,7,12117000,0,496,4,2012,6
497,2012-06-26,1,11,20,22,35,8,10,17516871,0,497,1,2012,6
498,2012-06-29,14,17,28,29,39,1,11,26900432,0,498,4,2012,6
499,2012-07-03,2,7,22,27,40,3,6,32812559,0,499,1,2012,7
500,2012-07-06,31,32,38,40,42,1,3,42076911,0,500,4,2012,7
501,2012-07-10,1,3,16,24,37,1,8,48445181,0,501,1,2012,7
502,2012-07-13,8,18,25,35,46,4,9,60323858,0,502,4,2012,7
503,2012-07-17,2,7,24,43,46,8,10,67543388,0,503,1,2012,7
504,2012-07-20,10,19,23,45,49,9,10,79035843,0,504,4,2012,7
505,2012-07-24,4,16,18,25,44,1,11,87418315,0,505,1,2012,7
506,2012-07-27,14,15,21,23,48,2,10,110973507,0,506,4,2012,7
507,2012-07-31,4,29,35,36,39,8,9,123419567,0,507,1,2012,7
508,2012-08-03,24,34,35,42,46,1,5,142677285,0,508,4,2012,8
509,2012-08-07,20,27,34,46,50,2,3,151012000,0,509,1,2012,8
510,2012-08-10,11,17,21,48,50,9,10,148656000,1,510,4,2012,8
511,2012-08-14,1,16,38,42,45,9,10,11805000,0,511,1,2012,8
512,2012-08-17,19,25,28,33,44,2,8,21173767,0,512,4,2012,8
513,2012-08-21,4,5,17,38,48,3,4,27638401,0,513,1,2012,8
514,2012-08-24,5,6,12,19,37,3,7,37709047,1,514,4,2012,8
515,2012-08-28,1,18,25,26,44,4,5,11914500,0,515,1,2012,8
516,2012-08-31,16,28,31,33,48,7,11,21380703,0,516,4,2012,8
517,2012-09-04,11,17,18,39,44,5,10,27605924,0,517,1,2012,9
518,2012-09-07,13,15,30,35,42,4,6,37827315,1,518,4,2012,9
519,2012-09-11,6,15,22,37,44,2,4,12016500,0,519,1,2012,9
520,2012-09-14,3,10,23,27,44,7,9,21511885,1,520,4,2012,9
521,2012-09-18,6,7,38,39,44,7,9,12058500,0,521,1,2012,9
522,2012-09-21,4,19,34,41,43,7,11,21218945,0,522,4,2012,9
523,2012-09-25,7,25,27,48,49,1,4,27120727,0,523,1,2012,9
524,2012-09-28,20,23,26,30,33,6,9,79750000,1,524,4,2012,9
525,2012-10-02,4,16,21,36,42,7,8,12015000,0,525,1,2012,10
526,2012-10-05,9,16,18,19,21,2,3,21701658,0,526,4,2012,10
527,2012-10-09,2,8,10,23,25,8,9,27768213,0,527,1,2012,10
528,2012-10-12,6,7,17,35,43,2,8,37648529,0,528,4,2012,10
529,2012-10-16,10,32,40,41,49,2,8,44407071,0,529,1,2012,10
530,2012-10-19,16,29,37,40,44,8,10,55297557,0,530,4,2012,10
531,2012-10-23,1,28,35,38,50,2,10,62668378,0,531,1,2012,10
532,2012-10-26,5,6,9,27,38,5,11,73585548,0,532,4,2012,10
533,2012-10-30,23,24,25,31,44,2,3,82777654,0,533,1,2012,10
534,2012-11-02,3,6,10,11,44,3,4,95574746,0,534,4,2012,11
535,2012-11-06,7,20,25,35,41,1,9,106443387,0,535,1,2012,11
536,2012-11-09,14,21,22,28,47,4,5,122416477,0,536,4,2012,11
537,2012-11-13,11,16,21,24,29,2,6,136124363,1,537,1,2012,11
538,2012-11-16,10,15,19,23,41,2,9,12039000,0,538,4,2012,11
539,2012-11-20,28,30,42,45,49,5,10,18330737,1,539,1,2012,11
540,2012-11-23,1,9,11,20,40,1,5,12147000,0,540,4,2012,11
541,2012-11-27,6,10,23,44,49,1,7,18165905,0,541,1,2012,11
542,2012-11-30,10,18,23,24,40,3,4,27864810,0,542,4,2012,11
543,2012-12-04,5,10,28,29,44,2,4,34505412,0,543,1,2012,12
544,2012-12-07,10,16,18,31,42,2,5,44054164,0,544,4,2012,12
545,2012-12-11,1,4,9,43,50,6,8,51106703,0,545,1,2012,12
546,2012-12-14,10,11,29,40,43,3,11,62293153,0,546,4,2012,12
547,2012-12-18,14,18,20,35,44,2,5,70070413,0,547,1,2012,12
548,2012-12-21,3,5,22,40,42,3,10,83087699,1,548,4,2012,12
549,2012-12-25,14,18,20,23,32,3,10,12322500,0,549,1,2012,12
550,2012-12-28,17,24,26,27,49,3,5,21875652,0,550,4,2012,12
551,2013-01-01,2,7,8,36,49,1,11,10243449,3,551,1,2013,1
552,2013-01-04,4,10,22,27,41,8,10,12216000,0,552,4,2013,1
553,2013-01-08,2,20,22,26,47,5,9,18341712,0,553,1,2013,1
554,2013-01-11,4,22,29,37,41,4,7,28307149,1,554,4,2013,1
555,2013-01-15,22,38,40,42,47,1,11,12441000,0,555,1,2013,1
556,2013-01-18,4,26,27,30,39,3,10,21672986,0,556,4,2013,1
557,2013-01-22,1,10,44,45,48,1,4,27777897,0,557,1,2013,1
558,2013-01-25,3,10,18,31,37,2,4,37772357,1,558,4,2013,1
559,2013-01-29,9,16,26,36,39,2,6,6431250,2,559,1,2013,1
560,2013-02-01,5,21,34,37,38,1,6,13063500,0,560,4,2013,2
561,2013-02-05,6,25,31,40,45,6,7,19070109,0,561,1,2013,2
562,2013-02-08,9,11,14,34,44,10,11,27886637,0,562,4,2013,2
563,2013-02-12,5,11,16,25,28,7,9,34628142,0,563,1,2013,2
564,2013-02-15,2,4,22,28,42,4,9,44855571,0,564,4,2013,2
565,2013-02-19,12,15,28,30,44,8,9,52357563,1,565,1,2013,2
566,2013-02-22,15,16,28,36,37,2,11,12981000,0,566,4,2013,2
567,2013-02-26,3,12,13,17,30,2,6,18874481,0,567,1,2013,2
568,2013-03-01,1,11,29,36,42,4,5,28372232,0,568,4,2013,3
569,2013-03-05,8,19,31,33,39,2,7,34631815,0,569,1,2013,3
570,2013-03-08,3,20,23,28,42,8,11,45058160,1,570,4,2013,3
571,2013-03-12,2,4,10,22,50,5,8,13135500,1,571,1,2013,3
572,2013-03-15,4,14,21,24,39,3,10,12997500,0,572,4,2013,3
573,2013-03-19,19,32,35,37,44,1,9,18770152,0,573,1,2013,3
574,2013-03-22,12,27,32,34,49,8,9,85330000,0,574,4,2013,3
575,2013-03-26,4,26,30,42,44,6,11,96302211,0,575,1,2013,3
576,2013-03-29,13,30,43,44,46,5,9,112017541,1,576,4,2013,3
577,2013-04-02,12,17,25,29,41,1,4,12741000,0,577,1,2013,4
578,2013-04-05,1,11,17,32,39,2,7,11268414,2,578,4,2013,4
579,2013-04-09,15,35,38,44,48,5,10,12825000,0,579,1,2013,4
580,2013-04-12,5,10,15,28,45,3,9,22422511,1,580,4,2013,4
581,2013-04-16,1,11,22,33,50,4,6,12879000,1,581,1,2013,4
582,2013-04-19,1,8,42,46,48,4,7,12874500,0,582,4,2013,4
583,2013-04-23,1,4,7,10,50,4,11,18557707,0,583,1,2013,4
584,2013-04-26,11,16,24,38,40,2,5,27335676,1,584,4,2013,4
585,2013-04-30,13,36,40,43,50,5,9,12727500,0,585,1,2013,4
586,2013-05-03,3,5,34,40,49,2,3,21355336,0,586,4,2013,5
587,2013-05-07,13,27,28,42,43,4,6,27337587,0,587,1,2013,5
588,2013-05-10,1,32,35,45,48,4,11,36503084,0,588,4,2013,5
589,2013-05-14,7,8,24,27,36,5,11,43382876,0,589,1,2013,5
590,2013-05-17,6,20,24,25,50,9,10,53520165,0,590,4,2013,5
591,2013-05-21,7,8,19,28,29,5,9,61122965,0,591,1,2013,5
592,2013-05-24,7,17,22,27,40,2,3,73074352,0,592,4,2013,5
593,2013-05-28,8,13,26,34,38,3,11,81381673,1,593,1,2013,5
594,2013-05-31,27,28,29,34,43,5,10,12841500,0,594,4,2013,5
595,2013-06-04,31,33,34,37,40,1,6,19080295,0,595,1,2013,6
596,2013-06-07,7,14,26,45,50,2,7,85130000,0,596,4,2013,6
597,2013-06-11,5,7,9,25,41,1,5,96181290,0,597,1,2013,6
598,2013-06-14,10,25,41,47,48,6,10,111780731,0,598,4,2013,6
599,2013-06-18,17,24,33,41,44,1,11,125775679,0,599,1,2013,6
600,2013-06-21,10,11,30,36,45,1,2,143627629,0,600,4,2013,6
601,2013-06-25,4,5,13,27,35,1,2,79779517,2,601,1,2013,6
602,2013-06-28,1,15,28,35,47,1,7,12843000,1,602,4,2013,6
603,2013-07-02,11,13,14,28,30,4,5,12844500,0,603,1,2013,7
604,2013-07-05,4,12,15,28,33,1,10,22417687,0,604,4,2013,7
605,2013-07-09,16,18,31,38,49,4,10,28847237,1,605,1,2013,7
606,2013-07-12,18,26,32,33,42,2,3,12987000,0,606,4,2013,7
607,2013-07-16,19,23,34,47,50,4,6,19201363,1,607,1,2013,7
608,2013-07-19,13,16,24,26,35,2,5,12925500,1,608,4,2013,7
609,2013-07-23,14,15,16,19,44,4,5,12907500,1,609,1,2013,7
610,2013-07-26,12,23,29,38,49,3,4,13081162,0,610,4,2013,7
611,2013-07-30,3,4,11,14,43,1,6,19184610,0,611,1,2013,7
612,2013-08-02,21,36,37,42,48,4,7,28309281,0,612,4,2013,8
613,2013-08-06,16,17,31,47,49,3,11,34673271,0,613,1,2013,8
614,2013-08-09,4,7,9,23,24,8,9,44134518,0,614,4,2013,8
615,2013-08-13,5,17,20,47,50,1,4,51018937,0,615,1,2013,8
616,2013-08-16,20,24,27,37,39,5,10,60621367,0,616,4,2013,8
617,2013-08-20,5,11,42,49,50,8,11,68593880,0,617,1,2013,8
618,2013-08-23,1,6,26,30,37,5,8,80738985,1,618,4,2013,8
619,2013-08-27,7,30,38,40,43,2,6,12931500,0,619,1,2013,8
620,2013-08-30,2,17,25,36,45,5,9,10942818,2,620,4,2013,8
621,2013-09-03,5,9,16,18,42,7,9,12709500,0,621,1,2013,9
622,2013-09-06,11,23,25,32,37,4,7,10801883,2,622,4,2013,9
623,2013-09-10,7,11,14,28,30,2,10,12666000,0,623,1,2013,9
624,2013-09-13,4,6,14,27,33,5,10,23253808,0,624,4,2013,9
625,2013-09-17,13,17,21,42,44,9,11,29412765,0,625,1,2013,9
626,2013-09-20,5,11,35,38,45,2,3,38960567,0,626,4,2013,9
627,2013-09-24,10,20,26,28,43,9,11,45405876,0,627,1,2013,9
628,2013-09-27,11,15,38,41,43,2,6,55193986,1,628,4,2013,9
629,2013-10-01,19,23,25,44,48,8,9,12544500,0,629,1,2013,10
630,2013-10-04,6,20,24,35,50,5,10,21498731,0,630,4,2013,10
631,2013-10-08,23,24,26,33,42,3,5,27440665,0,631,1,2013,10
632,2013-10-11,6,12,17,23,43,5,9,36840020,0,632,4,2013,10
633,2013-10-15,18,27,39,43,47,4,7,43086063,1,633,1,2013,10
634,2013-10-18,5,25,36,46,47,2,6,12711000,0,634,4,2013,10
635,2013-10-22,29,33,39,41,44,9,11,18308847,0,635,1,2013,10
636,2013-10-25,2,3,10,31,38,6,10,27080608,1,636,4,2013,10
637,2013-10-29,9,10,30,32,37,2,6,12856500,1,637,1,2013,10
638,2013-11-01,7,19,29,30,33,3,8,12709500,0,638,4,2013,11
639,2013-11-05,6,12,13,35,38,2,3,18107224,1,639,1,2013,11
640,2013-11-08,20,28,35,42,43,8,10,6255000,2,640,4,2013,11
641,2013-11-12,14,29,37,40,48,2,11,12682500,0,641,1,2013,11
642,2013-11-15,3,13,15,29,42,1,4,83830000,1,642,4,2013,11
643,2013-11-19,14,15,19,36,45,1,10,12606000,0,643,1,2013,11
644,2013-11-22,13,25,26,40,50,8,9,21186645,0,644,4,2013,11
645,2013-11-26,19,23,27,42,44,3,5,26863588,1,645,1,2013,11
646,2013-11-29,2,7,10,23,43,4,7,12429000,1,646,4,2013,11
647,2013-12-03,6,13,15,29,32,2,9,12445500,0,647,1,2013,12
648,2013-12-06,1,2,18,31,36,7,10,20874773,0,648,4,2013,12
649,2013-12-10,6,24,35,49,50,1,7,26551498,0,649,1,2013,12
650,2013-12-13,1,22,23,24,31,6,11,37664283,0,650,4,2013,12
651,2013-12-17,6,8,27,37,41,7,10,44362413,0,651,1,2013,12
652,2013-12-20,12,13,17,22,43,3,10,53875274,0,652,4,2013,12
653,2013-12-24,5,19,31,43,50,2,6,62469261,0,653,1,2013,12
654,2013-12-27,1,6,13,22,28,5,10,72089654,0,654,4,2013,12
655,2013-12-31,13,20,24,29,45,3,7,83850382,0,655,1,2013,12
656,2014-01-03,3,27,31,38,44,3,8,96289141,0,656,4,2014,1
657,2014-01-07,2,20,27,33,45,6,10,54123899,2,657,1,2014,1
658,2014-01-10,1,2,11,27,29,1,10,12453000,0,658,4,2014,1
659,2014-01-14,18,20,25,26,37,10,11,18577883,0,659,1,2014,1
660,2014-01-17,19,26,32,33,42,4,10,27266155,0,660,4,2014,1
661,2014-01-21,4,12,35,42,48,5,8,33466125,0,661,1,2014,1
662,2014-01-24,5,19,34,35,41,1,5,43002299,0,662,4,2014,1
663,2014-01-28,18,20,23,42,48,2,9,49446896,0,663,1,2014,1
664,2014-01-31,8,10,15,16,31,8,9,59249234,1,664,4,2014,1
665,2014-02-04,1,21,33,37,38,4,8,12433500,0,665,1,2014,2
666,2014-02-07,3,17,19,46,47,9,10,21037161,1,666,4,2014,2
667,2014-02-11,8,17,25,41,47,1,2,12445500,0,667,1,2014,2
668,2014-02-14,2,4,6,19,39,2,7,20927566,1,668,4,2014,2
669,2014-02-18,23,26,36,37,49,6,7,12378000,0,669,1,2014,2
670,2014-02-21,13,17,28,30,32,5,7,20630644,0,670,4,2014,2
671,2014-02-25,21,25,28,35,42,4,6,26289565,0,671,1,2014,2
672,2014-02-28,12,32,38,43,44,2,7,35072863,1,672,4,2014,2
673,2014-03-04,3,5,22,27,44,1,6,12375000,0,673,1,2014,3
674,2014-03-07,5,10,38,40,41,1,8,82990000,0,674,4,2014,3
675,2014-03-11,1,4,23,33,44,7,8,93707468,0,675,1,2014,3
676,2014-03-14,6,24,25,27,30,5,9,107932603,1,676,4,2014,3
677,2014-03-18,8,27,34,36,39,5,10,12603000,0,677,1,2014,3
678,2014-03-21,7,30,37,39,42,5,7,21325022,1,678,4,2014,3
679,2014-03-25,7,20,26,28,50,2,8,12549000,0,679,1,2014,3
680,2014-03-28,3,4,19,28,43,3,7,20942416,1,680,4,2014,3
681,2014-04-01,16,18,26,38,44,8,10,12457500,1,681,1,2014,4
682,2014-04-04,6,10,28,45,50,10,11,12415500,0,682,4,2014,4
683,2014-04-08,11,18,29,42,49,4,11,17853605,0,683,1,2014,4
684,2014-04-11,8,12,19,30,33,4,11,26905670,0,684,4,2014,4
685,2014-04-15,3,14,26,47,50,7,11,32625427,0,685,1,2014,4
686,2014-04-18,21,24,31,39,47,3,7,40962533,0,686,4,2014,4
687,2014-04-22,13,15,20,24,46,1,8,46672601,0,687,1,2014,4
688,2014-04-25,13,21,24,44,49,1,9,56005506,0,688,4,2014,4
689,2014-04-29,18,23,26,35,44,3,11,62955401,0,689,1,2014,4
690,2014-05-02,4,30,31,38,42,2,11,73205660,1,690,4,2014,5
691,2014-05-06,5,19,24,31,37,1,9,12321000,0,691,1,2014,5
692,2014-05-09,3,21,26,28,45,7,10,20214823,0,692,4,2014,5
693,2014-05-13,4,13,30,34,47,2,6,25746571,0,693,1,2014,5
694,2014-05-16,23,26,29,37,40,3,4,33974182,0,694,4,2014,5
695,2014-05-20,5,33,36,38,47,4,9,39669453,0,695,1,2014,5
696,2014-05-23,3,8,31,34,47,9,11,48094706,0,696,4,2014,5
697,2014-05-27,7,13,16,25,26,1,6,54445724,0,697,1,2014,5
698,2014-05-30,5,24,27,41,45,6,7,64246871,0,698,4,2014,5
699,2014-06-03,2,15,32,39,44,5,10,72437363,0,699,1,2014,6
700,2014-06-06,7,25,34,40,49,9,11,86858395,0,700,4,2014,6
701,2014-06-10,12,18,21,32,33,1,11,95933457,0,701,1,2014,6
702,2014-06-13,16,18,22,28,46,9,11,109589905,1,702,4,2014,6
703,2014-06-17,11,13,37,40,48,8,9,11983500,0,703,1,2014,6
704,2014-06-20,5,15,25,38,49,1,2,19964918,1,704,4,2014,6
705,2014-06-24,1,7,20,21,48,4,7,12021000,0,705,1,2014,6
706,2014-06-27,31,33,34,39,45,2,10,19914711,0,706,4,2014,6
707,2014-07-01,18,22,25,27,39,5,10,25344616,0,707,1,2014,7
708,2014-07-04,4,18,39,43,47,2,6,33347512,0,708,4,2014,7
709,2014-07-08,8,18,22,24,27,4,11,39193498,0,709,1,2014,7
710,2014-07-11,5,22,35,38,49,4,7,47789038,0,710,4,2014,7
711,2014-07-15,15,18,20,27,34,1,3,53758144,1,711,1,2014,7
712,2014-07-18,1,11,29,41,43,3,11,11878500,0,712,4,2014,7
713,2014-07-22,1,24,43,45,50,5,8,16916606,0,713,1,2014,7
714,2014-07-25,9,10,12,24,43,5,9,24470875,0,714,4,2014,7
715,2014-07-29,10,23,35,40,43,3,9,29815964,1,715,1,2014,7
716,2014-08-01,24,44,46,48,50,5,10,11977500,0,716,4,2014,8
717,2014-08-05,5,7,19,21,42,5,11,17029645,0,717,1,2014,8
718,2014-08-08,21,29,35,43,46,1,9,24759542,0,718,4,2014,8
719,2014-08-12,7,16,19,22,33,2,5,30079457,0,719,1,2014,8
720,2014-08-15,4,5,21,23,30,8,10,37718167,0,720,4,2014,8
721,2014-08-19,4,7,11,34,47,7,8,43584628,1,721,1,2014,8
722,2014-08-22,4,17,29,35,49,1,2,12000000,0,722,4,2014,8
723,2014-08-26,10,22,36,45,48,4,11,16991311,0,723,1,2014,8
724,2014-08-29,2,9,26,32,38,3,6,24464842,0,724,4,2014,8
725,2014-09-02,5,25,31,39,45,1,8,29994082,0,725,1,2014,9
726,2014-09-05,1,18,23,46,50,3,9,37783420,0,726,4,2014,9
727,2014-09-09,8,15,19,24,35,8,10,44245873,0,727,1,2014,9
728,2014-09-12,9,13,26,31,33,7,11,52772468,0,728,4,2014,9
729,2014-09-16,4,29,30,35,50,2,4,59479470,0,729,1,2014,9
730,2014-09-19,6,8,34,38,48,3,9,68362889,1,730,4,2014,9
731,2014-09-23,12,13,14,29,35,1,7,11770500,0,731,1,2014,9
732,2014-09-26,13,27,35,46,47,1,2,20137574,0,732,4,2014,9
733,2014-09-30,3,13,15,33,42,5,7,25668301,1,733,1,2014,9
734,2014-10-03,4,13,23,48,50,5,10,78370000,0,734,4,2014,10
735,2014-10-07,9,21,28,30,38,1,8,88304909,0,735,1,2014,10
736,2014-10-10,6,29,42,45,47,9,10,101812996,0,736,4,2014,10
737,2014-10-14,4,5,15,23,32,3,7,114362313,0,737,1,2014,10
738,2014-10-17,1,13,40,48,49,8,10,130128674,0,738,4,2014,10
739,2014-10-21,20,21,27,33,40,3,10,143641614,0,739,1,2014,10
740,2014-10-24,3,9,20,30,42,1,6,149758000,1,740,4,2014,10
741,2014-10-28,10,15,17,40,45,1,2,11848500,1,741,1,2014,10
742,2014-10-31,10,13,20,33,41,3,9,11763000,0,742,4,2014,10
743,2014-11-04,1,6,13,17,26,3,5,17438916,0,743,1,2014,11
744,2014-11-07,13,25,32,38,46,1,10,12935936,2,744,4,2014,11
745,2014-11-11,2,14,21,36,46,7,11,11766000,0,745,1,2014,11
746,2014-11-14,17,32,36,38,48,5,8,20235047,0,746,4,2014,11
747,2014-11-18,2,3,17,36,38,4,11,26007143,0,747,1,2014,11
748,2014-11-21,4,7,28,32,37,5,10,34100271,0,748,4,2014,11
749,2014-11-25,3,7,25,32,36,1,6,40715869,0,749,1,2014,11
750,2014-11-28,6,10,15,23,41,4,10,51217623,0,750,4,2014,11
751,2014-12-02,3,15,25,44,49,1,9,57837341,1,751,1,2014,12
752,2014-12-05,5,8,37,47,48,2,3,11851500,0,752,4,2014,12
753,2014-12-09,1,3,31,42,46,4,11,17246777,0,753,1,2014,12
754,2014-12-12,2,15,28,31,37,4,6,25517469,0,754,4,2014,12
755,2014-12-16,3,7,12,13,25,5,8,31462687,1,755,1,2014,12
756,2014-12-19,23,29,31,39,44,5,8,11737500,1,756,4,2014,12
757,2014-12-23,8,9,19,25,49,2,10,11787000,0,757,1,2014,12
758,2014-12-26,17,26,27,45,49,2,3,19781351,1,758,4,2014,12
759,2014-12-30,6,18,39,44,50,8,11,11727000,1,759,1,2014,12
760,2015-01-02,22,24,25,28,49,3,6,11751000,0,760,4,2015,1
761,2015-01-06,14,20,30,38,49,3,4,16954080,0,761,1,2015,1
762,2015-01-09,6,21,24,32,45,1,11,24754047,1,762,4,2015,1
763,2015-01-13,8,17,21,31,34,9,10,11659500,0,763,1,2015,1
764,2015-01-16,29,30,32,34,46,3,6,19476379,0,764,4,2015,1
765,2015-01-20,15,33,41,44,47,8,10,12413744,2,765,1,2015,1
766,2015-01-23,6,29,30,38,45,1,8,11247000,0,766,4,2015,1
767,2015-01-27,5,10,31,33,40,8,10,16266792,1,767,1,2015,1
768,2015-01-30,9,13,15,19,24,3,8,5622000,2,768,4,2015,1
769,2015-02-03,17,31,33,44,50,7,11,11370000,1,769,1,2015,2
770,2015-02-06,10,26,30,39,50,7,8,11154000,0,770,4,2015,2
771,2015-02-10,13,17,20,30,45,9,10,16073137,0,771,1,2015,2
772,2015-02-13,12,24,39,42,44,3,11,24682682,0,772,4,2015,2
773,2015-02-17,2,5,18,30,43,1,10,30050324,0,773,1,2015,2
774,2015-02-20,4,10,14,37,46,4,7,37807029,0,774,4,2015,2
775,2015-02-24,3,25,28,34,50,1,11,43197448,0,775,1,2015,2
776,2015-02-27,5,14,17,25,47,9,10,52055697,0,776,4,2015,2
777,2015-03-03,6,8,11,13,21,7,8,59016205,0,777,1,2015,3
778,2015-03-06,23,30,47,49,50,2,7,72180000,1,778,4,2015,3
779,2015-03-10,2,6,23,30,31,2,10,10656000,0,779,1,2015,3
780,2015-03-13,4,5,18,22,23,1,3,19376761,0,780,4,2015,3
781,2015-03-17,11,23,26,38,44,1,8,24825416,0,781,1,2015,3
782,2015-03-20,3,14,37,42,48,1,10,32843195,0,782,4,2015,3
783,2015-03-24,10,24,26,39,40,3,10,38975399,0,783,1,2015,3
784,2015-03-27,2,30,32,39,44,6,10,47673633,0,784,4,2015,3
785,2015-03-31,8,20,24,28,49,8,9,53193914,1,785,1,2015,3
786,2015-04-03,27,29,37,39,49,2,4,11055000,0,786,4,2015,4
787,2015-04-07,18,25,39,44,50,5,8,15679890,1,787,1,2015,4
788,2015-04-10,22,23,25,30,43,5,9,10876500,0,788,4,2015,4
789,2015-04-14,24,32,34,35,49,1,2,15639792,0,789,1,2015,4
790,2015-04-17,2,24,30,34,39,8,11,22844230,0,790,4,2015,4
791,2015-04-21,6,14,17,42,45,1,8,28100414,0,791,1,2015,4
792,2015-04-24,5,19,29,31,40,3,10,36298267,1,792,4,2015,4
793,2015-04-28,24,26,28,36,45,7,10,10741500,0,793,1,2015,4
794,2015-05-01,3,19,20,25,26,6,10,17749913,0,794,4,2015,5
795,2015-05-05,1,10,17,20,42,8,9,22723433,0,795,1,2015,5
796,2015-05-08,7,14,19,47,49,3,10,29532380,0,796,4,2015,5
797,2015-05-12,14,29,30,40,46,3,6,34276743,1,797,1,2015,5
798,2015-05-15,5,35,42,44,47,8,9,10932000,0,798,4,2015,5
799,2015-05-19,26,30,31,35,37,8,11,15476457,0,799,1,2015,5
800,2015-05-22,18,24,35,44,45,5,11,22169936,0,800,4,2015,5
801,2015-05-26,5,6,7,21,24,5,6,26656367,1,801,1,2015,5
802,2015-05-29,3,4,20,45,48,6,8,10791000,0,802,4,2015,5
803,2015-06-02,7,23,29,37,41,1,8,15874102,0,803,1,2015,6
804,2015-06-05,2,7,8,45,48,1,9,72850000,0,804,4,2015,6
805,2015-06-09,5,9,17,32,34,6,8,82265988,0,805,1,2015,6
806,2015-06-12,5,8,10,11,37,7,9,93388944,1,806,4,2015,6
807,2015-06-16,10,15,16,36,37,3,9,10785000,0,807,1,2015,6
808,2015-06-19,7,14,20,31,42,3,9,17776969,1,808,4,2015,6
809,2015-06-23,4,16,22,38,49,6,9,10669500,0,809,1,2015,6
810,2015-06-26,3,6,10,19,24,5,7,17954602,1,810,4,2015,6
811,2015-06-30,11,15,28,34,37,1,8,10653000,0,811,1,2015,6
812,2015-07-03,11,12,15,18,44,3,9,17408173,0,812,4,2015,7
813,2015-07-07,6,7,18,33,41,3,10,22161317,0,813,1,2015,7
814,2015-07-10,5,8,15,35,41,4,5,29461344,1,814,4,2015,7
815,2015-07-14,6,18,19,34,36,1,8,10572000,0,815,1,2015,7
816,2015-07-17,1,21,22,43,48,7,9,16844082,0,816,4,2015,7
817,2015-07-21,14,20,27,29,44,7,10,21651101,0,817,1,2015,7
818,2015-07-24,2,9,21,35,46,2,11,28675998,1,818,4,2015,7
819,2015-07-28,23,32,36,43,49,7,8,10639500,0,819,1,2015,7
820,2015-07-31,16,21,34,40,50,6,9,17564689,1,820,4,2015,7
821,2015-08-04,10,15,39,45,50,9,10,10500000,0,821,1,2015,8
822,2015-08-07,1,5,21,39,44,4,11,17058370,0,822,4,2015,8
823,2015-08-11,2,3,8,15,16,4,11,21748476,0,823,1,2015,8
824,2015-08-14,4,7,39,44,45,3,5,28595278,1,824,4,2015,8
825,2015-08-18,7,10,11,12,19,2,9,10582500,0,825,1,2015,8
826,2015-08-21,4,16,18,43,47,6,10,17370968,0,826,4,2015,8
827,2015-08-25,27,31,33,42,50,2,5,22297655,1,827,1,2015,8
828,2015-08-28,11,29,30,31,34,4,7,10908000,1,828,4,2015,8
829,2015-09-01,6,19,21,27,45,1,8,11077500,0,829,1,2015,9
830,2015-09-04,8,9,27,45,50,8,10,17883898,0,830,4,2015,9
831,2015-09-08,14,16,39,40,42,1,4,22464583,1,831,1,2015,9
832,2015-09-11,10,18,19,29,50,1,9,11032500,0,832,4,2015,9
833,2015-09-15,8,15,17,44,49,5,8,15723801,0,833,1,2015,9
834,2015-09-18,7,29,33,34,39,7,8,22450618,0,834,4,2015,9
835,2015-09-22,14,23,26,27,29,7,10,27140220,0,835,1,2015,9
836,2015-09-25,13,14,23,30,37,2,8,35170064,1,836,4,2015,9
837,2015-09-29,11,14,26,29,49,3,9,11152500,1,837,1,2015,9
838,2015-10-02,7,18,21,32,35,2,11,11065500,1,838,4,2015,10
839,2015-10-06,11,20,22,29,32,1,8,11101500,0,839,1,2015,10
840,2015-10-09,1,40,42,43,47,9,11,18085197,0,840,4,2015,10
841,2015-10-13,12,15,26,29,47,3,11,11517654,2,841,1,2015,10
842,2015-10-16,7,28,29,43,48,3,10,11035500,0,842,4,2015,10
843,2015-10-20,17,19,21,30,45,8,10,15634628,0,843,1,2015,10
844,2015-10-23,7,25,30,32,39,2,8,22011013,0,844,4,2015,10
845,2015-10-27,11,12,20,25,36,6,9,26892567,0,845,1,2015,10
846,2015-10-30,8,13,17,21,34,6,7,33935721,0,846,4,2015,10
847,2015-11-03,8,27,39,46,49,2,6,39134284,0,847,1,2015,11
848,2015-11-06,3,17,26,38,40,4,10,71380000,0,848,4,2015,11
849,2015-11-10,6,13,18,39,43,2,8,79495676,0,849,1,2015,11
850,2015-11-13,10,17,18,33,40,2,8,92419190,0,850,4,2015,11
851,2015-11-17,6,7,23,37,38,10,11,101384894,0,851,1,2015,11
852,2015-11-20,4,30,34,46,49,7,8,114814234,1,852,4,2015,11
853,2015-11-24,9,14,16,17,26,10,11,10599000,0,853,1,2015,11
854,2015-11-27,16,29,30,37,50,6,8,18467154,0,854,4,2015,11
855,2015-12-01,2,15,25,35,45,8,10,23663957,0,855,1,2015,12
856,2015-12-04,8,17,18,27,39,1,7,31893763,0,856,4,2015,12
857,2015-12-08,12,17,29,38,48,9,11,37358158,0,857,1,2015,12
858,2015-12-11,3,5,21,40,43,6,11,45271012,0,858,4,2015,12
859,2015-12-15,8,11,23,27,35,4,11,51599368,0,859,1,2015,12
860,2015-12-18,6,22,26,29,48,5,6,60657149,1,860,4,2015,12
861,2015-12-22,18,19,20,40,41,7,10,11112000,0,861,1,2015,12
862,2015-12-25,3,10,25,27,40,3,9,18422340,0,862,4,2015,12
863,2015-12-29,5,20,31,32,36,6,7,23871796,0,863,1,2015,12
864,2016-01-01,4,37,38,39,44,4,7,31339370,0,864,4,2016,1
865,2016-01-05,6,10,31,36,39,6,10,36601816,0,865,1,2016,1
866,2016-01-08,5,26,33,35,40,3,8,46235544,0,866,4,2016,1
867,2016-01-12,1,2,10,30,44,1,8,52409215,0,867,1,2016,1
868,2016-01-15,10,19,38,43,46,1,11,62768100,0,868,4,2016,1
869,2016-01-19,2,30,38,43,46,2,7,70146761,0,869,1,2016,1
870,2016-01-22,10,12,27,30,47,8,9,79365304,0,870,4,2016,1
871,2016-01-26,15,24,38,40,48,2,9,87892394,0,871,1,2016,1
872,2016-01-29,1,5,23,29,32,1,7,50382546,2,872,4,2016,1
873,2016-02-02,6,9,10,21,36,2,6,11373000,1,873,1,2016,2
874,2016-02-05,3,27,32,41,46,4,8,11541000,0,874,4,2016,2
875,2016-02-09,6,9,13,28,37,4,5,17090950,0,875,1,2016,2
876,2016-02-12,3,20,28,31,49,2,5,24769932,1,876,4,2016,2
877,2016-02-16,3,10,22,37,50,6,10,11700000,0,877,1,2016,2
878,2016-02-19,13,14,30,32,39,3,9,19006842,0,878,4,2016,2
879,2016-02-23,23,25,32,37,42,1,11,24605103,1,879,1,2016,2
880,2016-02-26,5,13,15,33,50,9,11,11842500,1,880,4,2016,2
881,2016-03-01,4,7,13,28,37,10,11,11698500,0,881,1,2016,3
882,2016-03-04,9,14,16,23,40,1,5,19432742,0,882,4,2016,3
883,2016-03-08,1,8,9,14,23,1,7,24864878,0,883,1,2016,3
884,2016-03-11,1,21,26,40,43,6,9,32729736,0,884,4,2016,3
885,2016-03-15,5,7,10,34,44,2,10,38751467,0,885,1,2016,3
886,2016-03-18,14,19,21,24,49,5,11,46514105,1,886,4,2016,3
887,2016-03-22,12,15,26,42,49,5,8,11845500,0,887,1,2016,3
888,2016-03-25,12,19,36,42,43,5,8,18978724,0,888,4,2016,3
889,2016-03-29,1,4,19,25,36,3,11,23722612,0,889,1,2016,3
890,2016-04-01,2,16,23,25,49,6,9,31942807,0,890,4,2016,4
891,2016-04-05,3,5,9,19,40,2,5,37762659,0,891,1,2016,4
892,2016-04-08,6,8,26,43,49,6,10,46258071,0,892,4,2016,4
893,2016-04-12,1,5,9,22,38,2,10,51818874,1,893,1,2016,4
894,2016-04-15,13,14,32,37,48,1,7,11932500,0,894,4,2016,4
895,2016-04-19,11,14,15,27,44,2,7,16895105,0,895,1,2016,4
896,2016-04-22,17,26,32,34,43,2,10,23868937,0,896,4,2016,4
897,2016-04-26,10,17,31,32,42,2,5,28958268,0,897,1,2016,4
898,2016-04-29,4,5,25,28,43,6,11,37275721,0,898,4,2016,4
899,2016-05-03,8,23,24,34,38,3,7,43360228,0,899,1,2016,5
900,2016-05-06,32,34,40,45,48,1,10,51342488,0,900,4,2016,5
901,2016-05-10,2,26,27,40,49,5,10,57525794,1,901,1,2016,5
902,2016-05-13,7,15,28,31,42,10,11,11811000,0,902,4,2016,5
903,2016-05-17,15,27,32,36,39,3,10,16625472,0,903,1,2016,5
904,2016-05-20,9,14,30,41,45,4,9,23593583,0,904,4,2016,5
905,2016-05-24,16,17,23,34,37,6,9,28279072,0,905,1,2016,5
906,2016-05-27,13,25,27,43,46,4,8,35790545,0,906,4,2016,5
907,2016-05-31,6,12,26,30,48,6,7,41708725,0,907,1,2016,5
908,2016-06-03,7,23,31,33,39,6,10,50611162,0,908,4,2016,6
909,2016-06-07,19,26,35,45,49,2,5,57100579,0,909,1,2016,6
910,2016-06-10,14,21,35,42,43,7,9,67227348,1,910,4,2016,6
911,2016-06-14,13,34,39,42,50,9,11,11928000,0,911,1,2016,6
912,2016-06-17,1,7,18,27,43,4,8,18818757,0,912,4,2016,6
913,2016-06-21,5,17,32,35,49,1,5,23371931,0,913,1,2016,6
914,2016-06-24,11,19,27,28,39,3,10,32395415,1,914,4,2016,6
915,2016-06-28,26,32,37,43,49,4,5,12448500,0,915,1,2016,6
916,2016-07-01,2,11,13,40,50,1,10,20022696,1,916,4,2016,7
917,2016-07-05,1,10,29,38,48,3,4,12760500,0,917,1,2016,7
918,2016-07-08,8,12,18,33,44,4,8,20261530,0,918,4,2016,7
919,2016-07-12,3,7,26,33,41,2,10,25081394,0,919,1,2016,7
920,2016-07-15,2,11,13,14,21,1,8,32611251,0,920,4,2016,7
921,2016-07-19,19,24,28,36,37,3,6,38223590,0,921,1,2016,7
922,2016-07-22,7,24,26,37,45,5,9,45790415,0,922,4,2016,7
923,2016-07-26,3,10,13,45,49,2,11,51731973,0,923,1,2016,7
924,2016-07-29,1,21,26,40,50,2,4,61102443,1,924,4,2016,7
925,2016-08-02,2,8,27,38,46,2,6,12612000,0,925,1,2016,8
926,2016-08-05,16,19,24,35,37,2,7,20140295,0,926,4,2016,8
927,2016-08-09,12,19,43,44,45,5,10,25724734,0,927,1,2016,8
928,2016-08-12,2,15,28,36,50,2,11,33820376,0,928,4,2016,8
929,2016-08-16,2,26,34,37,46,4,8,39327773,0,929,1,2016,8
930,2016-08-19,5,6,22,25,34,5,7,47566032,1,930,4,2016,8
931,2016-08-23,2,23,31,37,45,4,8,12870000,0,931,1,2016,8
932,2016-08-26,1,9,28,30,48,7,8,20257321,0,932,4,2016,8
933,2016-08-30,13,16,29,35,42,6,8,25605853,0,933,1,2016,8
934,2016-09-02,8,16,32,40,50,2,11,6567504,5,934,4,2016,9
935,2016-09-06,12,24,30,34,45,7,10,12579000,0,935,1,2016,9
936,2016-09-09,4,11,15,17,28,1,3,20243965,0,936,4,2016,9
937,2016-09-13,4,7,16,35,44,1,3,25859082,0,937,1,2016,9
938,2016-09-16,5,8,14,22,32,2,11,34037587,1,938,4,2016,9
939,2016-09-20,1,4,10,41,45,6,9,12900000,0,939,1,2016,9
940,2016-09-23,14,16,39,42,49,3,9,20683054,1,940,4,2016,9
941,2016-09-27,6,9,13,39,41,2,12,14671000,0,941,1,2016,9
942,2016-09-30,17,35,37,43,44,2,10,112697000,0,942,4,2016,9
943,2016-10-04,4,7,14,34,38,4,11,124041722,0,943,1,2016,10
944,2016-10-07,2,12,20,27,30,9,11,140104641,0,944,4,2016,10
945,2016-10-11,5,12,20,24,37,4,11,153361048,1,945,1,2016,10
946,2016-10-14,7,13,19,31,34,1,11,15330600,0,946,4,2016,10
947,2016-10-18,2,17,21,25,27,6,9,23638239,0,947,1,2016,10
948,2016-10-21,9,20,23,44,48,8,10,35497880,0,948,4,2016,10
949,2016-10-25,3,15,20,21,28,1,5,44777159,1,949,1,2016,10
950,2016-10-28,10,16,19,23,43,2,8,15667698,1,950,4,2016,10
951,2016-11-01,6,10,20,29,37,1,9,15362900,0,951,1,2016,11
952,2016-11-04,7,11,12,44,48,3,7,26830014,0,952,4,2016,11
953,2016-11-08,5,9,47,49,50,8,9,35072281,1,953,1,2016,11
954,2016-11-11,3,22,23,38,49,2,9,14648900,0,954,4,2016,11
955,2016-11-15,7,15,36,42,48,3,7,22092234,0,955,1,2016,11
956,2016-11-18,3,12,27,32,47,6,8,32720430,0,956,4,2016,11
957,2016-11-22,5,10,33,34,47,2,10,40546633,0,957,1,2016,11
958,2016-11-25,5,11,17,23,28,10,11,26009712,2,958,4,2016,11
959,2016-11-29,21,26,27,28,38,9,11,14494200,0,959,1,2016,11
960,2016-12-02,6,11,23,31,32,2,12,24662130,1,960,4,2016,12
961,2016-12-06,1,7,11,27,45,4,9,14392200,0,961,1,2016,12
962,2016-12-09,6,12,28,37,40,1,5,24450957,0,962,4,2016,12
963,2016-12-13,14,28,29,48,50,2,8,32050401,0,963,1,2016,12
964,2016-12-16,6,10,30,41,45,4,11,43003166,0,964,4,2016,12
965,2016-12-20,13,15,17,21,27,2,3,51875129,1,965,1,2016,12
966,2016-12-23,4,16,20,39,46,2,5,14487400,0,966,4,2016,12
967,2016-12-27,3,22,25,32,39,7,12,21534783,1,967,1,2016,12
968,2016-12-30,8,10,22,29,47,1,3,14538400,0,968,4,2016,12
969,2017-01-03,19,23,27,34,49,1,11,21591336,0,969,1,2017,1
970,2017-01-06,10,14,18,21,49,9,11,31898943,0,970,4,2017,1
971,2017-01-10,2,11,29,35,44,4,9,40259650,0,971,1,2017,1
972,2017-01-13,3,7,16,26,50,4,7,53936316,0,972,4,2017,1
973,2017-01-17,4,16,25,43,47,2,10,62366698,0,973,1,2017,1
974,2017-01-20,10,17,27,31,49,3,5,70419453,0,974,4,2017,1
975,2017-01-24,1,5,7,17,23,3,8,76052175,1,975,1,2017,1
976,2017-01-27,17,20,28,45,48,5,9,14495900,0,976,4,2017,1
977,2017-01-31,3,4,17,23,44,6,9,22233944,1,977,1,2017,1
978,2017-02-03,3,4,15,46,50,5,9,14686300,0,978,4,2017,2
979,2017-02-07,4,10,31,38,44,8,10,21809971,0,979,1,2017,2
980,2017-02-10,7,21,26,35,43,2,9,32204121,0,980,4,2017,2
981,2017-02-14,2,10,24,40,44,3,10,19987961,2,981,1,2017,2
982,2017-02-17,19,25,33,36,48,2,9,14509500,1,982,4,2017,2
983,2017-02-21,13,19,41,45,49,3,4,14383700,0,983,1,2017,2
984,2017-02-24,2,4,13,22,43,8,9,24449171,0,984,4,2017,2
985,2017-02-28,10,20,31,35,42,2,12,31923442,0,985,1,2017,2
986,2017-03-03,2,11,29,30,47,1,12,43311596,0,986,4,2017,3
987,2017-03-07,6,37,41,48,50,4,5,51910688,0,987,1,2017,3
988,2017-03-10,31,36,38,47,49,8,11,64931865,0,988,4,2017,3
989,2017-03-14,3,5,21,36,44,3,6,70386999,1,989,1,2017,3
990,2017-03-17,6,10,19,29,36,3,9,14742400,0,990,4,2017,3
991,2017-03-21,1,20,23,44,47,4,11,21818290,0,991,1,2017,3
992,2017-03-24,2,17,21,27,34,5,9,31918888,0,992,4,2017,3
993,2017-03-28,9,13,31,33,46,6,10,39630350,0,993,1,2017,3
994,2017-03-31,17,24,26,28,45,4,12,49849009,0,994,4,2017,3
995,2017-04-04,1,9,24,33,34,2,6,58513592,0,995,1,2017,4
996,2017-04-07,2,10,19,35,50,6,7,65668144,0,996,4,2017,4
997,2017-04-11,5,21,22,31,49,2,8,70887897,1,997,1,2017,4
998,2017-04-14,4,14,20,23,33,6,10,14422800,0,998,4,2017,4
999,2017-04-18,17,22,31,38,45,5,12,20624201,0,999,1,2017,4
1000,2017-04-21,2,13,16,22,49,4,5,30153753,0,1000,4,2017,4
1001,2017-04-25,9,11,19,32,43,3,9,38059267,0,1001,1,2017,4
1002,2017-04-28,14,20,25,30,39,2,8,48309589,0,1002,4,2017,4
1003,2017-05-02,6,19,23,25,27,11,12,55848627,0,1003,1,2017,5
1004,2017-05-05,3,7,30,35,43,1,3,63162406,0,1004,4,2017,5
1005,2017-05-09,8,12,16,22,26,6,7,68249429,0,1005,1,2017,5
1006,2017-05-12,2,20,28,29,44,3,9,76813393,0,1006,4,2017,5
1007,2017-05-16,8,11,15,20,30,3,8,84319251,0,1007,1,2017,5
1008,2017-05-19,9,11,12,19,30,4,9,93927013,0,1008,4,2017,5
1009,2017-05-23,8,15,25,27,42,1,4,102101430,0,1009,1,2017,5
1010,2017-05-26,5,7,26,36,39,2,10,113475960,0,1010,4,2017,5
1011,2017-05-30,7,12,27,38,48,6,9,121851562,0,1011,1,2017,5
1012,2017-06-02,8,10,24,33,42,3,9,134808762,1,1012,4,2017,6
1013,2017-06-06,20,22,25,37,40,3,7,14866500,0,1013,1,2017,6
1014,2017-06-09,9,20,27,39,43,10,11,25684767,0,1014,4,2017,6
1015,2017-06-13,3,12,22,27,49,4,11,33506785,0,1015,1,2017,6
1016,2017-06-16,15,17,38,41,42,9,12,44150291,0,1016,4,2017,6
1017,2017-06-20,11,18,26,43,44,8,10,52594374,0,1017,1,2017,6
1018,2017-06-23,3,4,21,31,38,3,7,64082100,0,1018,4,2017,6
1019,2017-06-27,9,17,21,28,45,1,3,70127201,0,1019,1,2017,6
1020,2017-06-30,17,35,39,47,50,6,8,87570000,1,1020,4,2017,6
1021,2017-07-04,10,22,25,37,49,5,8,14943000,0,1021,1,2017,7
1022,2017-07-07,11,20,35,37,45,3,6,25663715,1,1022,4,2017,7
1023,2017-07-11,14,22,26,42,50,8,10,15189500,1,1023,1,2017,7
1024,2017-07-14,11,14,20,21,47,7,10,14900500,0,1024,4,2017,7
1025,2017-07-18,1,25,27,41,45,5,7,22265567,0,1025,1,2017,7
1026,2017-07-21,1,8,9,26,49,5,9,32874047,0,1026,4,2017,7
1027,2017-07-25,12,14,43,44,48,2,11,40445365,0,1027,1,2017,7
1028,2017-07-28,5,9,29,31,41,2,4,51702050,1,1028,4,2017,7
1029,2017-08-01,14,21,24,29,30,8,10,15208200,0,1029,1,2017,8
1030,2017-08-04,29,30,36,40,41,2,9,25529274,0,1030,4,2017,8
1031,2017-08-08,15,25,26,40,41,4,5,33089644,1,1031,1,2017,8
1032,2017-08-11,18,28,39,46,48,5,12,15449600,0,1032,4,2017,8
1033,2017-08-15,10,14,30,35,46,4,10,22117219,0,1033,1,2017,8
1034,2017-08-18,2,24,39,42,45,2,8,32520149,0,1034,4,2017,8
1035,2017-08-22,3,10,12,17,27,3,5,40510685,1,1035,1,2017,8
1036,2017-08-25,1,5,7,15,47,9,12,15735200,1,1036,4,2017,8
1037,2017-08-29,4,12,15,32,38,1,5,15767500,0,1037,1,2017,8
1038,2017-09-01,3,7,8,14,49,5,8,25914013,1,1038,4,2017,9
1039,2017-09-05,6,9,18,28,29,1,9,15560100,0,1039,1,2017,9
1040,2017-09-08,9,24,42,47,49,1,5,25993675,0,1040,4,2017,9
1041,2017-09-12,10,17,27,29,35,4,11,33717075,0,1041,1,2017,9
1042,2017-09-15,13,18,37,44,49,9,12,114504000,0,1042,4,2017,9
1043,2017-09-19,1,8,21,30,45,2,3,123904174,0,1043,1,2017,9
1044,2017-09-22,6,11,31,39,42,1,3,134911784,0,1044,4,2017,9
1045,2017-09-26,1,29,40,41,48,6,12,143626132,0,1045,1,2017,9
1046,2017-09-29,7,18,19,32,48,3,7,157898325,0,1046,4,2017,9
1047,2017-10-03,6,24,32,48,50,1,5,168701000,0,1047,1,2017,10
1048,2017-10-06,1,9,15,19,25,1,7,170810000,1,1048,4,2017,10
1049,2017-10-10,4,21,34,36,37,3,6,15209900,0,1049,1,2017,10
1050,2017-10-13,23,29,37,45,50,5,11,29491384,0,1050,4,2017,10
1051,2017-10-17,13,17,19,26,36,2,3,37871775,0,1051,1,2017,10
1052,2017-10-20,4,17,23,27,30,3,8,49712130,0,1052,4,2017,10
1053,2017-10-24,9,11,13,27,33,7,10,58670142,1,1053,1,2017,10
1054,2017-10-27,3,16,23,32,39,1,4,15011000,1,1054,4,2017,10
1055,2017-10-31,1,12,36,43,46,3,5,14919200,0,1055,1,2017,10
1056,2017-11-03,5,12,17,33,41,4,9,25476778,1,1056,4,2017,11
1057,2017-11-07,7,19,20,37,41,2,12,14970200,0,1057,1,2017,11
1058,2017-11-10,13,22,29,36,37,1,9,26361644,0,1058,4,2017,11
1059,2017-11-14,14,16,39,40,41,8,10,34502478,0,1059,1,2017,11
1060,2017-11-17,20,26,35,36,42,5,12,46135062,0,1060,4,2017,11
1061,2017-11-21,2,10,14,28,31,5,7,54215274,0,1061,1,2017,11
1062,2017-11-24,19,24,28,30,50,3,10,66743323,0,1062,4,2017,11
1063,2017-11-28,1,6,12,18,42,2,7,71866782,0,1063,1,2017,11
1064,2017-12-01,5,24,29,35,46,11,12,79577293,0,1064,4,2017,12
1065,2017-12-05,11,36,43,44,48,2,7,85788778,0,1065,1,2017,12
1066,2017-12-08,4,22,30,32,34,3,4,94304641,0,1066,4,2017,12
1067,2017-12-12,20,37,39,44,50,4,8,101938670,0,1067,1,2017,12
1068,2017-12-15,25,30,31,42,50,2,11,111674784,0,1068,4,2017,12
1069,2017-12-19,8,15,30,38,46,4,7,119876081,1,1069,1,2017,12
1070,2017-12-22,5,24,30,31,43,3,6,15089200,0,1070,4,2017,12
1071,2017-12-26,4,17,30,43,44,2,10,21951423,0,1071,1,2017,12
1072,2017-12-29,4,8,22,23,48,1,12,34588069,1,1072,4,2017,12
1073,2018-01-02,10,20,21,28,48,1,8,15084100,0,1073,1,2018,1
1074,2018-01-05,2,5,20,38,41,4,8,25687589,0,1074,4,2018,1
1075,2018-01-09,6,12,15,38,49,2,9,33484288,0,1075,1,2018,1
1076,2018-01-12,13,21,23,30,45,4,6,45394452,0,1076,4,2018,1
1077,2018-01-16,20,23,31,34,46,3,12,54434216,0,1077,1,2018,1
1078,2018-01-19,3,8,17,44,50,2,7,66212715,0,1078,4,2018,1
1079,2018-01-23,5,8,9,23,24,7,8,71872851,0,1079,1,2018,1
1080,2018-01-26,6,15,24,28,48,4,9,79917041,0,1080,4,2018,1
1081,2018-01-30,11,15,21,27,35,4,5,86173606,0,1081,1,2018,1
1082,2018-02-02,14,34,36,39,48,2,3,95972671,0,1082,4,2018,2
1083,2018-02-06,8,17,28,34,38,6,12,104423108,0,1083,1,2018,2
1084,2018-02-09,22,31,36,38,44,1,11,114539544,0,1084,4,2018,2
1085,2018-02-13,10,13,17,21,44,1,10,123305866,0,1085,1,2018,2
1086,2018-02-16,10,12,23,32,50,4,10,133365227,0,1086,4,2018,2
1087,2018-02-20,6,14,19,25,29,5,11,142157622,0,1087,1,2018,2
1088,2018-02-23,10,17,18,28,47,3,7,77798898,2,1088,4,2018,2
1089,2018-02-27,3,31,41,48,50,8,11,14956600,0,1089,1,2018,2
1090,2018-03-02,2,7,34,45,48,1,12,26096672,0,1090,4,2018,3
1091,2018-03-06,15,20,26,31,44,2,9,34392263,0,1091,1,2018,3
1092,2018-03-09,9,14,21,32,44,1,12,45846428,0,1092,4,2018,3
1093,2018-03-13,9,11,13,33,49,6,12,54643467,1,1093,1,2018,3
1094,2018-03-16,4,17,24,27,31,10,11,14992300,0,1094,4,2018,3
1095,2018-03-20,26,29,37,39,44,9,11,22265427,0,1095,1,2018,3
1096,2018-03-23,5,7,11,46,50,8,11,32771739,0,1096,4,2018,3
1097,2018-03-27,17,20,23,40,46,9,10,40629122,0,1097,1,2018,3
1098,2018-03-30,12,17,28,35,47,7,11,51598288,0,1098,4,2018,3
1099,2018-04-03,3,8,16,40,43,5,8,59156133,0,1099,1,2018,4
1100,2018-04-06,1,29,33,45,47,4,8,66429609,1,1100,4,2018,4
1101,2018-04-10,14,27,39,46,48,11,12,14829100,1,1101,1,2018,4
1102,2018-04-13,5,25,34,48,50,6,7,14740700,0,1102,4,2018,4
1103,2018-04-17,15,27,33,39,50,4,6,22289222,0,1103,1,2018,4
1104,2018-04-20,3,16,25,39,44,7,11,114010000,0,1104,4,2018,4
1105,2018-04-24,20,23,28,30,44,3,7,121328187,1,1105,1,2018,4
1106,2018-04-27,12,24,40,41,46,5,12,14958300,0,1106,4,2018,4
1107,2018-05-01,6,15,17,42,48,4,6,21805469,0,1107,1,2018,5
1108,2018-05-04,6,12,23,39,45,9,12,32659632,0,1108,4,2018,5
1109,2018-05-08,17,25,35,39,44,2,5,39948586,1,1109,1,2018,5
1110,2018-05-11,3,22,34,49,50,8,11,15004200,0,1110,4,2018,5
1111,2018-05-15,4,16,20,31,39,2,12,22065747,0,1111,1,2018,5
1112,2018-05-18,5,8,10,13,31,3,6,32040070,0,1112,4,2018,5
1113,2018-05-22,1,11,37,41,48,8,12,39384424,0,1113,1,2018,5
1114,2018-05-25,13,15,16,28,41,4,5,50089464,0,1114,4,2018,5
1115,2018-05-29,6,11,20,38,43,2,4,57637756,0,1115,1,2018,5
1116,2018-06-01,17,18,24,29,40,4,5,34972315,2,1116,4,2018,6
1117,2018-06-05,9,15,22,39,46,4,5,14886900,1,1117,1,2018,6
1118,2018-06-08,8,19,32,43,46,2,8,14931100,1,1118,4,2018,6
1119,2018-06-12,7,21,23,36,38,6,8,14954900,0,1119,1,2018,6
1120,2018-06-15,23,26,33,38,49,1,12,24560828,0,1120,4,2018,6
1121,2018-06-19,7,19,26,42,50,4,9,31809040,1,1121,1,2018,6
1122,2018-06-22,14,25,39,41,44,2,8,14960000,0,1122,4,2018,6
1123,2018-06-26,15,16,20,34,50,4,7,21730843,0,1123,1,2018,6
1124,2018-06-29,15,21,23,40,48,3,12,31647298,0,1124,4,2018,6
1125,2018-07-03,1,12,15,29,48,3,5,39091736,0,1125,1,2018,7
1126,2018-07-06,8,30,33,38,48,2,10,49801491,0,1126,4,2018,7
1127,2018-07-10,3,8,26,33,45,7,10,57975368,1,1127,1,2018,7
1128,2018-07-13,1,4,14,21,49,2,12,15021200,1,1128,4,2018,7
1129,2018-07-17,4,6,27,48,50,1,11,15126600,0,1129,1,2018,7
1130,2018-07-20,2,15,40,43,46,3,6,24941396,0,1130,4,2018,7
1131,2018-07-24,2,4,23,39,40,3,9,32023423,0,1131,1,2018,7
1132,2018-07-27,11,17,22,23,41,6,11,42386533,0,1132,4,2018,7
1133,2018-07-31,20,25,34,42,45,6,11,50637585,0,1133,1,2018,7
1134,2018-08-03,7,26,36,38,43,6,12,61780382,0,1134,4,2018,8
1135,2018-08-07,16,28,29,30,36,8,10,67719962,0,1135,1,2018,8
1136,2018-08-10,18,20,36,43,44,3,9,75029181,0,1136,4,2018,8
1137,2018-08-14,1,15,18,25,31,9,11,81090231,0,1137,1,2018,8
1138,2018-08-17,2,15,18,24,43,8,12,89766677,0,1138,4,2018,8
1139,2018-08-21,16,23,42,43,49,10,12,96785706,1,1139,1,2018,8
1140,2018-08-24,3,14,31,36,50,1,12,15393500,0,1140,4,2018,8
1141,2018-08-28,4,16,32,42,46,8,12,22758649,0,1141,1,2018,8
1142,2018-08-31,4,30,31,38,42,4,6,32721629,0,1142,4,2018,8
1143,2018-09-04,5,14,28,30,47,4,11,40979973,1,1143,1,2018,9
1144,2018-09-07,4,23,27,31,50,1,8,15216700,0,1144,4,2018,9
1145,2018-09-11,9,18,32,38,46,2,3,22382447,0,1145,1,2018,9
1146,2018-09-14,1,3,33,40,45,3,4,32776219,0,1146,4,2018,9
1147,2018-09-18,3,8,10,32,45,4,12,40651934,0,1147,1,2018,9
1148,2018-09-21,5,7,21,25,37,3,4,116870000,0,1148,4,2018,9
1149,2018-09-25,6,15,20,30,38,4,7,124411811,0,1149,1,2018,9
1150,2018-09-28,2,4,8,27,50,2,9,135382686,0,1150,4,2018,9
1151,2018-10-02,7,17,29,37,45,3,11,144603632,1,1151,1,2018,10
1152,2018-10-05,8,16,24,26,35,3,11,14948100,1,1152,4,2018,10
1153,2018-10-09,3,12,36,44,45,8,11,14873300,0,1153,1,2018,10
1154,2018-10-12,4,9,12,31,43,5,8,25070150,0,1154,4,2018,10
1155,2018-10-16,15,28,37,40,42,1,6,32638799,0,1155,1,2018,10
1156,2018-10-19,1,3,29,47,48,3,12,43581440,0,1156,4,2018,10
1157,2018-10-23,1,2,5,21,32,2,12,52107396,0,1157,1,2018,10
1158,2018-10-26,5,18,21,31,35,6,9,64245817,0,1158,4,2018,10
1159,2018-10-30,17,23,27,43,44,1,12,70193991,0,1159,1,2018,10
1160,2018-11-02,5,15,17,37,44,7,11,76369807,1,1160,4,2018,11
1161,2018-11-06,14,24,36,40,43,2,9,14832500,0,1161,1,2018,11
1162,2018-11-09,14,17,32,37,49,11,12,25702466,0,1162,4,2018,11
1163,2018-11-13,2,7,10,13,42,3,6,33184923,0,1163,1,2018,11
1164,2018-11-16,9,10,13,28,41,1,12,44832935,1,1164,4,2018,11
1165,2018-11-20,6,19,39,45,48,7,12,15130000,0,1165,1,2018,11
1166,2018-11-23,5,8,25,26,30,3,10,24866684,0,1166,4,2018,11
1167,2018-11-27,4,16,17,18,32,2,11,32439819,0,1167,1,2018,11
1168,2018-11-30,3,10,12,23,26,1,12,43374190,0,1168,4,2018,11
1169,2018-12-04,19,20,21,42,45,8,9,51799990,0,1169,1,2018,12
1170,2018-12-07,11,17,26,37,48,1,10,63478325,0,1170,4,2018,12
1171,2018-12-11,4,7,13,23,42,1,3,69712546,0,1171,1,2018,12
1172,2018-12-14,12,29,38,42,44,2,12,76884342,0,1172,4,2018,12
1173,2018-12-18,1,9,18,39,48,5,7,83057501,0,1173,1,2018,12
1174,2018-12-21,2,12,15,34,50,3,4,92134454,0,1174,4,2018,12
1175,2018-12-25,4,5,8,31,43,2,9,99026381,0,1175,1,2018,12
1176,2018-12-28,13,16,34,35,45,10,12,108543762,0,1176,4,2018,12
1177,2019-01-01,1,8,11,25,28,4,6,114969776,1,1177,1,2019,1
1178,2019-01-04,7,11,19,27,37,6,10,15228600,0,1178,4,2019,1
1179,2019-01-08,3,19,22,31,32,2,11,23253235,0,1179,1,2019,1
1180,2019-01-11,1,19,31,39,48,1,6,34004534,0,1180,4,2019,1
1181,2019-01-15,22,25,29,33,35,3,6,42137452,0,1181,1,2019,1
1182,2019-01-18,5,6,16,30,46,5,10,53285987,0,1182,4,2019,1
1183,2019-01-22,9,23,29,41,49,8,10,61621961,0,1183,1,2019,1
1184,2019-01-25,1,6,13,15,16,6,10,68153942,0,1184,4,2019,1
1185,2019-01-29,14,24,26,32,39,3,8,75051591,0,1185,1,2019,1
1186,2019-02-01,3,21,26,41,46,1,6,105204000,0,1186,4,2019,2
1187,2019-02-05,14,25,31,37,43,2,3,113958151,0,1187,1,2019,2
1188,2019-02-08,11,12,13,39,46,7,10,123991632,0,1188,4,2019,2
1189,2019-02-12,6,34,36,41,50,1,5,133312302,0,1189,1,2019,2
1190,2019-02-15,15,27,34,38,49,2,10,144375567,0,1190,4,2019,2
1191,2019-02-19,1,8,18,19,39,7,9,152400366,1,1191,1,2019,2
1192,2019-02-22,3,27,29,33,50,3,7,14773000,0,1192,4,2019,2
1193,2019-02-26,3,15,29,35,47,3,4,22256333,0,1193,1,2019,2
1194,2019-03-01,6,9,19,26,31,11,12,35148482,0,1194,4,2019,3
1195,2019-03-05,6,10,16,39,46,8,11,43294160,0,1195,1,2019,3
1196,2019-03-08,17,18,19,24,40,4,8,55265839,0,1196,4,2019,3
1197,2019-03-12,5,7,13,19,31,2,9,64356515,0,1197,1,2019,3
1198,2019-03-15,3,15,24,42,46,9,12,71057439,1,1198,4,2019,3
1199,2019-03-19,1,6,9,34,47,7,12,14552000,0,1199,1,2019,3
1200,2019-03-22,4,17,26,30,43,6,11,24580716,0,1200,4,2019,3
1201,2019-03-26,12,19,23,43,47,2,6,32010911,0,1201,1,2019,3
1202,2019-03-29,13,23,26,32,47,6,10,43015001,0,1202,4,2019,3
1203,2019-04-02,2,9,16,26,36,6,7,50833887,0,1203,1,2019,4
1204,2019-04-05,1,7,10,29,45,3,5,62771731,0,1204,4,2019,4
1205,2019-04-09,18,21,29,38,41,1,11,68329653,1,1205,1,2019,4
1206,2019-04-12,1,28,35,36,46,6,9,14701600,0,1206,4,2019,4
1207,2019-04-16,1,8,15,44,49,2,11,21879091,0,1207,1,2019,4
1208,2019-04-19,7,8,32,41,49,5,11,31273852,0,1208,4,2019,4
1209,2019-04-23,18,23,27,42,44,2,7,38254645,1,1209,1,2019,4
1210,2019-04-26,14,33,35,47,50,9,11,14682900,0,1210,4,2019,4
1211,2019-04-30,5,12,20,26,48,2,11,21815835,1,1211,1,2019,4
1212,2019-05-03,2,9,20,27,43,5,6,14467000,0,1212,4,2019,5
1213,2019-05-07,7,20,26,32,47,2,11,21438454,1,1213,1,2019,5
1214,2019-05-10,1,4,27,45,48,1,7,14694800,0,1214,4,2019,5
1215,2019-05-14,10,14,17,25,50,2,10,21687521,0,1215,1,2019,5
1216,2019-05-17,16,28,42,43,45,6,7,31674666,0,1216,4,2019,5
1217,2019-05-21,32,33,34,39,47,8,12,39211724,0,1217,1,2019,5
1218,2019-05-24,5,16,23,30,49,6,7,49736732,0,1218,4,2019,5
1219,2019-05-28,7,19,20,28,29,1,5,28837305,2,1219,1,2019,5
1220,2019-05-31,1,23,24,26,35,1,11,15034800,0,1220,4,2019,5
1221,2019-06-04,9,31,32,39,41,2,8,22504557,0,1221,1,2019,6
1222,2019-06-07,1,4,16,20,34,2,5,115726000,0,1222,4,2019,6
1223,2019-06-11,25,27,39,42,46,11,12,123458008,1,1223,1,2019,6
1224,2019-06-14,1,13,30,31,39,2,7,15152100,0,1224,4,2019,6
1225,2019-06-18,12,24,37,40,44,3,7,22579505,0,1225,1,2019,6
1226,2019-06-21,5,8,9,25,39,3,7,32775384,0,1226,4,2019,6
1227,2019-06-25,6,26,27,34,46,1,9,40597881,0,1227,1,2019,6
1228,2019-06-28,1,3,16,33,49,2,11,51583856,0,1228,4,2019,6
1229,2019-07-02,11,19,29,44,45,8,12,60173279,0,1229,1,2019,7
1230,2019-07-05,2,9,20,34,42,6,9,67458174,0,1230,4,2019,7
1231,2019-07-09,7,29,32,36,41,6,7,73547916,0,1231,1,2019,7
1232,2019-07-12,2,31,39,45,47,4,8,81180289,0,1232,4,2019,7
1233,2019-07-16,3,5,13,18,39,7,8,88185562,0,1233,1,2019,7
1234,2019-07-19,13,14,17,26,28,2,7,96710509,1,1234,4,2019,7
1235,2019-07-23,1,14,19,23,38,3,7,15254100,0,1235,1,2019,7
1236,2019-07-26,2,5,27,37,42,3,10,25032609,0,1236,4,2019,7
1237,2019-07-30,15,20,23,27,40,3,6,33364792,0,1237,1,2019,7
1238,2019-08-02,13,22,33,44,50,2,5,43958121,0,1238,4,2019,8
1239,2019-08-06,12,13,29,36,38,4,12,52917787,0,1239,1,2019,8
1240,2019-08-09,2,14,35,41,42,10,11,65218898,0,1240,4,2019,8
1241,2019-08-13,13,29,31,33,40,2,3,70899768,0,1241,1,2019,8
1242,2019-08-16,9,10,27,37,42,1,5,77208525,0,1242,4,2019,8
1243,2019-08-20,20,22,23,24,37,1,4,83338679,0,1243,1,2019,8
1244,2019-08-23,4,17,35,42,45,2,8,91533020,0,1244,4,2019,8
1245,2019-08-27,8,26,35,43,47,1,9,97958413,0,1245,1,2019,8
1246,2019-08-30,25,27,45,46,49,4,6,107759330,0,1246,4,2019,8
1247,2019-09-03,7,11,38,39,44,7,10,116404085,0,1247,1,2019,9
1248,2019-09-06,10,13,22,40,48,2,5,125665319,0,1248,4,2019,9
1249,2019-09-10,3,22,25,30,49,3,6,134122038,0,1249,1,2019,9
1250,2019-09-13,1,12,27,42,47,6,7,145566007,0,1250,4,2019,9
1251,2019-09-17,22,37,43,44,45,1,12,155282163,0,1251,1,2019,9
1252,2019-09-20,8,21,25,38,50,4,8,167609701,0,1252,4,2019,9
1253,2019-09-24,2,33,42,47,48,1,2,167751000,0,1253,1,2019,9
1254,2019-09-27,24,37,41,43,46,2,8,169005000,0,1254,4,2019,9
1255,2019-10-01,2,11,18,40,46,1,4,168720000,0,1255,1,2019,10
1256,2019-10-04,6,9,35,41,44,6,9,169024000,0,1256,4,2019,10
1257,2019-10-08,7,10,15,44,49,3,12,170221000,1,1257,1,2019,10
1258,2019-10-11,2,14,19,42,45,5,6,14830800,0,1258,4,2019,10
1259,2019-10-15,3,28,31,32,34,4,5,22772993,0,1259,1,2019,10
1260,2019-10-18,8,18,22,41,42,11,12,33536983,0,1260,4,2019,10
1261,2019-10-22,2,5,32,33,47,7,8,41922445,0,1261,1,2019,10
1262,2019-10-25,34,37,39,40,50,4,10,53313310,0,1262,4,2019,10
1263,2019-10-29,16,18,28,42,49,5,10,62293451,0,1263,1,2019,10
1264,2019-11-01,2,20,39,44,48,5,7,69286018,0,1264,4,2019,11
1265,2019-11-05,9,14,25,33,48,2,12,74873475,0,1265,1,2019,11
1266,2019-11-08,8,17,20,23,45,2,8,84012704,0,1266,4,2019,11
1267,2019-11-12,1,21,23,25,39,2,4,89866288,0,1267,1,2019,11
1268,2019-11-15,3,13,20,32,34,4,11,98311223,0,1268,4,2019,11
1269,2019-11-19,8,10,15,30,42,4,6,105100702,1,1269,1,2019,11
1270,2019-11-22,3,21,32,34,48,3,11,14608100,0,1270,4,2019,11
1271,2019-11-26,2,3,15,19,34,5,8,22196254,0,1271,1,2019,11
1272,2019-11-29,3,7,12,42,50,6,8,32747133,0,1272,4,2019,11
1273,2019-12-03,18,31,32,38,48,4,12,40957697,1,1273,1,2019,12
1274,2019-12-06,1,3,27,39,46,1,10,14319100,0,1274,4,2019,12
1275,2019-12-10,2,10,19,21,47,2,8,21715889,0,1275,1,2019,12
1276,2019-12-13,9,16,18,23,32,2,10,32875644,0,1276,4,2019,12
1277,2019-12-17,1,7,12,25,49,6,9,41621418,1,1277,1,2019,12
1278,2019-12-20,8,24,30,32,34,3,4,14484000,0,1278,4,2019,12
1279,2019-12-24,3,11,13,14,47,3,6,23534756,0,1279,1,2019,12
1280,2019-12-27,1,7,22,26,35,5,10,33089326,0,1280,4,2019,12
1281,2019-12-31,26,31,33,41,48,2,4,44717396,0,1281,1,2019,12
1282,2020-01-03,5,15,20,36,47,8,12,55523057,0,1282,4,2020,1
1283,2020-01-07,5,8,12,37,43,6,11,64021946,0,1283,1,2020,1
1284,2020-01-10,6,17,32,44,46,2,6,71717560,0,1284,4,2020,1
1285,2020-01-14,21,25,29,39,44,8,9,78000490,0,1285,1,2020,1
1286,2020-01-17,8,19,20,29,44,3,8,85964733,1,1286,4,2020,1
1287,2020-01-21,10,11,24,36,46,3,5,14463600,0,1287,1,2020,1
1288,2020-01-24,3,4,6,9,24,5,8,24139851,1,1288,4,2020,1
1289,2020-01-28,1,19,27,31,38,4,5,14409200,0,1289,1,2020,1
1290,2020-01-31,13,18,20,23,30,2,4,24336652,0,1290,4,2020,1
1291,2020-02-04,21,23,33,35,47,6,7,34634832,0,1291,1,2020,2
1292,2020-02-07,9,15,17,25,40,3,9,110500000,1,1292,4,2020,2
1293,2020-02-11,24,26,32,43,46,6,10,14342900,1,1293,1,2020,2
1294,2020-02-14,5,20,35,41,49,6,10,14140600,0,1294,4,2020,2
1295,2020-02-18,11,32,34,38,47,2,10,22469712,0,1295,1,2020,2
1296,2020-02-21,7,23,30,32,45,5,9,34421724,0,1296,4,2020,2
1297,2020-02-25,1,4,18,27,42,4,6,43515336,0,1297,1,2020,2
1298,2020-02-28,8,11,20,22,23,3,4,57826962,1,1298,4,2020,2
1299,2020-03-03,4,14,27,44,45,1,10,14841000,0,1299,1,2020,3
1300,2020-03-06,15,38,43,45,46,1,11,26423336,0,1300,4,2020,3
1301,2020-03-10,11,23,30,37,43,5,12,35567254,0,1301,1,2020,3
1302,2020-03-13,3,11,21,27,36,9,10,50321191,0,1302,4,2020,3
1303,2020-03-17,5,7,8,16,20,2,12,57869670,1,1303,1,2020,3
1304,2020-03-20,3,9,20,34,40,6,12,15696100,1,1304,4,2020,3
1305,2020-03-24,7,12,26,30,33,10,11,15621300,0,1305,1,2020,3
1306,2020-03-27,11,14,27,41,46,2,3,22095531,0,1306,4,2020,3
1307,2020-03-31,12,17,24,30,36,1,9,27308650,0,1307,1,2020,3
1308,2020-04-03,16,19,34,46,50,2,6,34546128,0,1308,4,2020,4
1309,2020-04-07,4,5,14,33,48,7,12,40506751,0,1309,1,2020,4
1310,2020-04-10,3,10,17,33,39,1,4,46937085,0,1310,4,2020,4
1311,2020-04-14,6,29,34,35,40,4,11,51538058,0,1311,1,2020,4
1312,2020-04-17,16,28,32,37,45,1,11,58366488,1,1312,4,2020,4
1313,2020-04-21,10,11,14,23,28,6,8,15026300,0,1313,1,2020,4
1314,2020-04-24,1,5,19,21,28,4,7,22310697,0,1314,4,2020,4
1315,2020-04-28,15,23,26,28,32,1,5,28167968,0,1315,1,2020,4
1316,2020-05-01,19,20,38,45,47,2,6,36228690,0,1316,4,2020,5
1317,2020-05-05,2,10,22,27,41,2,3,42596857,0,1317,1,2020,5
1318,2020-05-08,8,25,32,33,38,7,9,49837132,0,1318,4,2020,5
1319,2020-05-12,9,16,29,37,39,4,11,56472701,0,1319,1,2020,5
1320,2020-05-15,11,23,32,34,39,1,6,65175962,1,1320,4,2020,5
1321,2020-05-19,5,25,32,37,43,6,7,15170800,0,1321,1,2020,5
1322,2020-05-22,3,18,22,27,32,2,7,25387006,0,1322,4,2020,5
1323,2020-05-26,4,9,14,21,27,4,6,16530706,2,1323,1,2020,5
1324,2020-05-29,4,8,11,19,46,4,8,15294900,1,1324,4,2020,5
1325,2020-06-02,10,12,22,26,49,7,11,15148700,0,1325,1,2020,6
1326,2020-06-05,5,11,17,24,37,3,6,25999539,0,1326,4,2020,6
1327,2020-06-09,5,15,27,36,46,2,8,34451775,0,1327,1,2020,6
1328,2020-06-12,2,24,39,45,46,4,8,46399553,1,1328,4,2020,6
1329,2020-06-16,4,9,11,17,39,2,10,15245600,0,1329,1,2020,6
1330,2020-06-19,5,14,19,24,43,3,11,26333468,0,1330,4,2020,6
1331,2020-06-23,2,12,19,46,49,1,8,34732623,0,1331,1,2020,6
1332,2020-06-26,1,10,12,21,26,5,11,46859882,0,1332,4,2020,6
1333,2020-06-30,1,6,11,28,42,2,10,56510237,0,1333,1,2020,6
1334,2020-07-03,4,16,27,37,39,3,6,117260000,0,1334,4,2020,7
1335,2020-07-07,12,16,23,33,41,8,10,130059174,1,1335,1,2020,7
1336,2020-07-10,15,17,23,30,38,2,7,15225200,0,1336,4,2020,7
1337,2020-07-14,11,22,30,37,47,9,10,24013488,0,1337,1,2020,7
1338,2020-07-17,7,15,27,41,43,7,9,35838894,0,1338,4,2020,7
1339,2020-07-21,14,15,24,29,42,2,4,44865863,1,1339,1,2020,7
1340,2020-07-24,8,9,27,28,50,4,12,15483600,0,1340,4,2020,7
1341,2020-07-28,9,13,15,17,34,2,7,23795774,0,1341,1,2020,7
1342,2020-07-31,21,24,30,46,49,2,5,35077775,0,1342,4,2020,7
1343,2020-08-04,1,2,5,15,42,5,8,44373299,0,1343,1,2020,8
1344,2020-08-07,5,20,21,36,41,6,11,57863944,0,1344,4,2020,8
1345,2020-08-11,8,13,14,42,50,3,9,66130274,0,1345,1,2020,8
1346,2020-08-14,9,10,19,42,49,4,12,77977112,0,1346,4,2020,8
1347,2020-08-18,6,12,17,34,42,5,12,87266444,0,1347,1,2020,8
1348,2020-08-21,10,15,35,44,50,3,5,100807281,0,1348,4,2020,8
1349,2020-08-25,7,18,30,37,39,8,10,112618069,0,1349,1,2020,8
1350,2020-08-28,7,12,16,17,31,7,9,126895018,0,1350,4,2020,8
1351,2020-09-01,4,8,10,33,46,8,11,139992069,1,1351,1,2020,9
1352,2020-09-04,6,22,29,40,43,4,7,15174200,0,1352,4,2020,9
1353,2020-09-08,2,9,31,35,41,9,12,24534097,0,1353,1,2020,9
1354,2020-09-11,34,38,42,43,45,9,12,37525275,0,1354,4,2020,9
1355,2020-09-15,16,20,25,30,38,6,8,47250235,0,1355,1,2020,9
1356,2020-09-18,2,10,19,25,45,1,7,61732489,0,1356,4,2020,9
1357,2020-09-22,16,25,28,39,40,1,6,71063522,0,1357,1,2020,9
1358,2020-09-25,19,23,34,37,45,1,7,118729000,1,1358,4,2020,9
1359,2020-09-29,4,14,16,41,44,11,12,15531200,0,1359,1,2020,9
1360,2020-10-02,6,12,15,40,45,3,9,27761091,1,1360,4,2020,10
1361,2020-10-06,4,21,36,41,47,9,11,15485300,0,1361,1,2020,10
1362,2020-10-09,11,15,35,41,50,5,8,27489353,0,1362,4,2020,10
1363,2020-10-13,5,14,38,41,46,1,10,36618665,0,1363,1,2020,10
1364,2020-10-16,15,33,38,40,50,3,6,49383832,0,1364,4,2020,10
1365,2020-10-20,5,6,15,37,42,3,4,59778232,0,1365,1,2020,10
1366,2020-10-23,10,15,19,21,23,3,12,70979568,0,1366,4,2020,10
1367,2020-10-27,13,15,28,32,44,3,12,79315198,1,1367,1,2020,10
1368,2020-10-30,12,16,20,21,28,3,9,15301700,0,1368,4,2020,10
1369,2020-11-03,5,7,18,20,30,6,7,23844506,0,1369,1,2020,11
1370,2020-11-06,7,12,37,40,50,1,2,36006084,0,1370,4,2020,11
1371,2020-11-10,3,19,29,32,38,5,12,45088804,0,1371,1,2020,11
1372,2020-11-13,1,5,17,28,31,1,10,60684475,0,1372,4,2020,11
1373,2020-11-17,16,19,25,30,44,2,6,69354137,0,1373,1,2020,11
1374,2020-11-20,28,29,39,48,50,5,7,116103000,0,1374,4,2020,11
1375,2020-11-24,25,33,38,42,50,8,12,128449942,0,1375,1,2020,11
1376,2020-11-27,2,5,8,14,16,8,9,146729731,0,1376,4,2020,11
1377,2020-12-01,14,20,29,47,49,4,12,160906372,0,1377,1,2020,12
1378,2020-12-04,14,20,27,34,38,1,11,180800000,0,1378,4,2020,12
1379,2020-12-08,1,4,21,24,46,2,12,181500000,0,1379,1,2020,12
1380,2020-12-11,6,9,13,24,41,3,12,183120000,1,1380,4,2020,12
1381,2020-12-15,9,13,21,29,35,1,2,15398600,0,1381,1,2020,12
1382,2020-12-18,2,3,13,17,21,7,8,28785119,0,1382,4,2020,12
1383,2020-12-22,2,10,16,42,50,4,11,39844969,1,1383,1,2020,12
1384,2020-12-25,16,21,27,30,32,3,5,15595800,0,1384,4,2020,12
1385,2020-12-29,7,32,39,40,45,3,8,25557847,0,1385,1,2020,12
1386,2021-01-01,16,28,32,44,48,1,9,39774466,1,1386,4,2021,1
1387,2021-01-05,12,34,37,38,42,1,3,15352700,0,1387,1,2021,1
1388,2021-01-08,18,23,37,41,42,4,6,27784790,0,1388,4,2021,1
1389,2021-01-12,2,10,18,34,35,6,9,37176013,0,1389,1,2021,1
1390,2021-01-15,4,10,27,38,40,3,11,50129756,0,1390,4,2021,1
1391,2021-01-19,25,27,31,35,43,5,6,60310182,0,1391,1,2021,1
1392,2021-01-22,8,16,42,44,47,6,7,71712110,1,1392,4,2021,1
1393,2021-01-26,5,7,25,37,40,2,8,15067100,0,1393,1,2021,1
1394,2021-01-29,1,5,27,36,42,1,6,27189645,0,1394,4,2021,1
1395,2021-02-02,18,20,35,38,48,9,12,36764670,0,1395,1,2021,2
1396,2021-02-05,12,19,37,44,45,2,6,114088000,0,1396,4,2021,2
1397,2021-02-09,5,10,24,31,37,9,10,127347464,0,1397,1,2021,2
1398,2021-02-12,7,23,30,32,36,8,12,144125471,0,1398,4,2021,2
1399,2021-02-16,5,9,25,29,30,6,7,157644778,0,1399,1,2021,2
1400,2021-02-19,4,12,25,46,48,7,12,178761140,0,1400,4,2021,2
1401,2021-02-23,9,18,30,39,45,1,3,180663000,0,1401,1,2021,2
1402,2021-02-26,6,12,22,29,33,6,11,182028000,1,1402,4,2021,2
1403,2021-03-02,2,19,24,26,49,6,7,14728800,0,1403,1,2021,3
1404,2021-03-05,4,5,39,46,48,7,10,27914329,0,1404,4,2021,3
1405,2021-03-09,1,16,21,32,33,11,12,37825963,0,1405,1,2021,3
1406,2021-03-12,4,6,9,11,44,10,11,52197036,0,1406,4,2021,3
1407,2021-03-16,23,25,32,35,47,2,6,62934911,0,1407,1,2021,3
1408,2021-03-19,3,9,35,43,44,1,10,75281575,0,1408,4,2021,3
1409,2021-03-23,2,26,29,36,49,3,9,85405694,0,1409,1,2021,3
1410,2021-03-26,10,12,37,49,50,3,8,98680896,0,1410,4,2021,3
1411,2021-03-30,24,27,28,29,42,4,8,109533174,0,1411,1,2021,3
1412,2021-04-02,4,21,34,40,47,2,5,122550351,1,1412,4,2021,4
1413,2021-04-06,2,21,37,38,50,7,8,14611500,0,1413,1,2021,4
1414,2021-04-09,2,8,32,35,44,8,11,27117635,0,1414,4,2021,4
1415,2021-04-13,16,20,31,47,50,2,8,36649681,0,1415,1,2021,4
1416,2021-04-16,6,11,29,40,48,5,9,49320956,0,1416,4,2021,4
1417,2021-04-20,5,17,28,41,46,10,11,59041813,1,1417,1,2021,4
1418,2021-04-23,3,14,15,19,29,2,8,14818900,0,1418,4,2021,4
1419,2021-04-27,13,14,24,35,49,1,10,23689352,0,1419,1,2021,4
1420,2021-04-30,1,16,24,28,46,2,11,37822859,0,1420,4,2021,4
1421,2021-05-04,3,10,13,28,46,4,11,46934848,0,1421,1,2021,5
1422,2021-05-07,14,22,33,38,47,8,9,60398926,1,1422,4,2021,5
1423,2021-05-11,14,25,34,43,46,5,6,14611500,0,1423,1,2021,5
1424,2021-05-14,6,16,18,29,38,6,11,26067927,0,1424,4,2021,5
1425,2021-05-18,5,13,38,39,40,4,12,35026951,0,1425,1,2021,5
1426,2021-05-21,2,9,13,15,35,3,10,47309401,0,1426,4,2021,5
1427,2021-05-25,1,21,26,30,38,2,8,57062224,0,1427,1,2021,5
1428,2021-05-28,11,13,16,34,40,1,12,67621751,0,1428,4,2021,5
1429,2021-06-01,3,10,26,35,44,6,7,76697764,0,1429,1,2021,6
1430,2021-06-04,7,20,36,40,46,2,4,111540000,1,1430,4,2021,6
1431,2021-06-08,2,11,26,36,47,7,9,14630200,0,1431,1,2021,6
1432,2021-06-11,9,17,21,33,39,7,11,26086547,1,1432,4,2021,6
1433,2021-06-15,11,21,26,30,31,2,3,14650600,0,1433,1,2021,6
1434,2021-06-18,11,20,27,30,41,3,5,25792320,0,1434,4,2021,6
1435,2021-06-22,6,24,26,27,41,3,8,34205994,0,1435,1,2021,6
1436,2021-06-25,1,29,30,33,36,3,12,46189363,0,1436,4,2021,6
1437,2021-06-29,6,12,20,24,48,5,6,55319641,0,1437,1,2021,6
1438,2021-07-02,9,14,29,38,49,7,10,66920458,1,1438,4,2021,7
1439,2021-07-06,2,5,21,27,42,9,11,14572400,1,1439,1,2021,7
1440,2021-07-09,6,19,36,37,49,4,11,14545200,0,1440,4,2021,7
1441,2021-07-13,5,6,8,11,22,3,4,22605876,1,1441,1,2021,7
1442,2021-07-16,5,16,42,47,49,3,11,14591100,0,1442,4,2021,7
1443,2021-07-20,3,12,19,41,48,6,9,22680547,0,1443,1,2021,7
1444,2021-07-23,23,24,26,34,50,2,4,33265919,0,1444,4,2021,7
1445,2021-07-27,5,9,19,21,25,10,12,41620685,0,1445,1,2021,7
1446,2021-07-30,10,23,33,35,37,5,10,53612736,0,1446,4,2021,7
1447,2021-08-03,17,21,23,45,46,7,11,61543198,0,1447,1,2021,8
1448,2021-08-06,7,14,21,26,32,4,12,71953143,0,1448,4,2021,8
1449,2021-08-10,9,37,47,48,49,2,7,80768518,0,1449,1,2021,8
1450,2021-08-13,6,12,44,47,49,8,12,96295864,1,1450,4,2021,8
1451,2021-08-17,12,31,41,42,47,4,6,14502700,0,1451,1,2021,8
1452,2021-08-20,3,9,19,20,23,9,11,25427047,0,1452,4,2021,8
1453,2021-08-24,19,21,36,44,50,3,10,33769472,0,1453,1,2021,8
1454,2021-08-27,2,3,31,46,50,8,12,45496988,0,1454,4,2021,8
1455,2021-08-31,5,13,17,32,43,2,10,18204387,3,1455,1,2021,8
1456,2021-09-03,5,7,13,29,35,3,7,14572400,0,1456,4,2021,9
1457,2021-09-07,7,19,35,42,43,7,9,22846891,1,1457,1,2021,9
1458,2021-09-10,1,6,7,18,28,2,8,14519700,0,1458,4,2021,9
1459,2021-09-14,12,18,35,38,45,2,8,22635401,0,1459,1,2021,9
1460,2021-09-17,5,7,8,10,34,1,9,33997943,0,1460,4,2021,9
1461,2021-09-21,20,25,26,30,38,2,8,43202295,0,1461,1,2021,9
1462,2021-09-24,2,12,20,27,41,10,12,111514000,0,1462,4,2021,9
1463,2021-09-28,6,7,12,33,39,1,7,124787147,0,1463,1,2021,9
1464,2021-10-01,1,15,19,26,48,6,12,140503213,0,1464,4,2021,10
1465,2021-10-05,11,13,14,36,45,7,9,153912260,0,1465,1,2021,10
1466,2021-10-08,1,10,23,42,46,3,5,174236090,0,1466,4,2021,10
1467,2021-10-12,6,13,22,45,49,10,11,186780000,0,1467,1,2021,10
1468,2021-10-15,21,26,31,34,49,2,5,185548000,1,1468,4,2021,10
1469,2021-10-19,4,20,36,40,41,1,6,14348000,0,1469,1,2021,10
1470,2021-10-22,12,17,22,33,39,2,12,26052151,0,1470,4,2021,10
1471,2021-10-26,12,15,20,42,44,1,2,34759941,0,1471,1,2021,10
1472,2021-10-29,10,15,28,32,49,3,9,47441476,0,1472,4,2021,10
1473,2021-11-02,2,3,17,29,43,1,4,57114246,0,1473,1,2021,11
1474,2021-11-05,2,12,25,30,41,8,11,68724444,0,1474,4,2021,11
1475,2021-11-09,17,25,26,33,36,1,8,77468576,0,1475,1,2021,11
1476,2021-11-12,2,9,15,47,50,6,9,89439998,0,1476,4,2021,11
1477,2021-11-16,9,19,21,32,36,3,4,98160844,0,1477,1,2021,11
1478,2021-11-19,22,26,38,47,50,2,6,111127331,0,1478,4,2021,11
1479,2021-11-23,17,21,36,42,46,7,10,122108668,0,1479,1,2021,11
1480,2021-11-26,1,20,41,42,50,3,7,137864547,1,1480,4,2021,11
1481,2021-11-30,19,20,26,33,43,1,4,14501000,0,1481,1,2021,11
1482,2021-12-03,21,22,29,32,46,9,10,111176000,0,1482,4,2021,12
1483,2021-12-07,22,31,38,46,47,7,11,122150223,1,1483,1,2021,12
1484,2021-12-10,11,21,33,38,42,2,8,14518000,0,1484,4,2021,12
1485,2021-12-14,19,21,37,47,48,3,6,23257356,0,1485,1,2021,12
1486,2021-12-17,1,2,15,30,35,2,7,35175553,0,1486,4,2021,12
1487,2021-12-21,12,17,21,34,38,2,3,44829384,0,1487,1,2021,12
1488,2021-12-24,2,26,28,34,41,5,10,58741896,0,1488,4,2021,12
1489,2021-12-28,4,6,15,17,29,9,12,66903928,1,1489,1,2021,12
1490,2021-12-31,7,22,25,43,49,6,7,14788260,1,1490,4,2021,12
1491,2022-01-04,18,28,35,36,41,6,11,14189900,0,1491,1,2022,1
1492,2022-01-07,2,14,37,44,50,7,11,25451971,0,1492,4,2022,1
1493,2022-01-11,4,23,32,33,44,9,12,34392715,0,1493,1,2022,1
1494,2022-01-14,6,17,25,31,46,9,12,46600782,0,1494,4,2022,1
1495,2022-01-18,3,12,19,24,30,2,5,56246458,1,1495,1,2022,1
1496,2022-01-21,5,14,35,36,39,7,12,21857937,0,1496,4,2022,1
1497,2022-01-25,6,16,18,39,47,2,4,30632619,0,1497,1,2022,1
1498,2022-01-28,10,25,29,34,45,9,10,42779117,0,1498,4,2022,1
1499,2022-02-01,1,19,36,38,49,6,9,52442757,0,1499,1,2022,2
1500,2022-02-04,3,25,38,43,49,3,7,109915000,1,1500,4,2022,2
1501,2022-02-08,6,20,34,37,43,7,10,14339500,0,1501,1,2022,2
1502,2022-02-11,13,18,38,42,45,7,11,25905357,1,1502,4,2022,2
1503,2022-02-15,9,20,31,33,44,2,12,14281700,0,1503,1,2022,2
1504,2022-02-18,25,38,41,43,50,6,10,25336094,0,1504,4,2022,2
1505,2022-02-22,5,9,14,26,32,3,7,34210472,0,1505,1,2022,2
1506,2022-02-25,10,13,24,30,42,1,5,46332113,0,1506,4,2022,2
1507,2022-03-01,8,24,26,39,42,3,5,55075675,0,1507,1,2022,3
1508,2022-03-04,6,20,40,42,43,10,12,64890075,1,1508,4,2022,3
1509,2022-03-08,12,18,21,25,31,2,9,14154200,0,1509,1,2022,3
1510,2022-03-11,12,19,22,23,48,2,6,25219181,0,1510,4,2022,3
1511,2022-03-15,1,2,12,19,26,2,8,33625791,0,1511,1,2022,3
1512,2022-03-18,1,9,14,17,43,6,12,22498627,2,1512,4,2022,3
1513,2022-03-22,7,17,21,29,40,8,11,14152500,0,1513,1,2022,3
1514,2022-03-25,6,10,24,27,29,5,12,25518127,0,1514,4,2022,3
1515,2022-03-29,8,11,33,42,43,6,11,34147332,0,1515,1,2022,3
1516,2022-04-01,2,7,21,31,45,4,10,45807063,0,1516,4,2022,4
1517,2022-04-05,1,11,13,24,49,5,6,54201384,0,1517,1,2022,4
1518,2022-04-08,1,15,16,38,45,4,11,64389965,0,1518,4,2022,4
1519,2022-04-12,21,30,31,35,47,2,10,72305405,0,1519,1,2022,4
1520,2022-04-15,6,24,30,32,48,5,6,82217272,0,1520,4,2022,4
1521,2022-04-19,2,12,17,28,46,6,10,91127452,0,1521,1,2022,4
1522,2022-04-22,6,11,21,35,36,1,9,105610620,0,1522,4,2022,4
1523,2022-04-26,4,25,28,34,45,8,11,117647597,0,1523,1,2022,4
1524,2022-04-29,10,11,20,36,37,3,7,133283578,0,1524,4,2022,4
1525,2022-05-03,8,20,26,47,48,3,8,146807728,0,1525,1,2022,5
1526,2022-05-06,3,8,18,24,40,3,11,167246203,0,1526,4,2022,5
1527,2022-05-10,3,25,27,28,29,4,9,184262899,1,1527,1,2022,5
1528,2022-05-13,3,11,17,45,48,4,8,14463600,0,1528,4,2022,5
1529,2022-05-17,5,28,30,48,49,5,11,22703208,0,1529,1,2022,5
1530,2022-05-20,8,22,23,32,50,3,9,34161724,0,1530,4,2022,5
1531,2022-05-24,10,13,27,36,37,2,10,43463036,1,1531,1,2022,5
1532,2022-05-27,15,23,28,34,48,3,5,14456800,0,1532,4,2022,5
1533,2022-05-31,3,10,13,42,49,3,9,22894587,0,1533,1,2022,5
1534,2022-06-03,12,28,29,34,48,9,11,34490264,0,1534,4,2022,6
1535,2022-06-07,6,16,17,25,31,2,6,42921837,0,1535,1,2022,6
1536,2022-06-10,17,26,36,37,40,9,12,54957243,1,1536,4,2022,6
1537,2022-06-14,2,7,27,34,40,3,11,14824000,0,1537,1,2022,6
1538,2022-06-17,19,21,22,31,38,7,11,111761000,0,1538,4,2022,6
1539,2022-06-21,6,23,36,39,47,8,10,123428111,0,1539,1,2022,6
1540,2022-06-24,10,17,28,44,50,8,12,138565344,0,1540,4,2022,6
1541,2022-06-28,10,35,42,47,48,2,11,152102048,0,1541,1,2022,6
1542,2022-07-01,6,18,24,34,46,3,12,169466829,0,1542,4,2022,7
1543,2022-07-05,7,10,25,45,48,3,6,185077898,0,1543,1,2022,7
1544,2022-07-08,28,31,35,43,46,4,7,194810000,0,1544,4,2022,7
1545,2022-07-12,14,18,24,25,50,6,11,194189000,0,1545,1,2022,7
1546,2022-07-15,9,17,29,38,39,7,10,195546000,0,1546,4,2022,7
1547,2022-07-19,6,23,27,40,41,2,12,195707000,1,1547,1,2022,7
1548,2022-07-22,16,18,29,32,50,4,11,14482300,0,1548,4,2022,7
1549,2022-07-26,3,5,17,25,27,1,9,23142411,0,1549,1,2022,7
1550,2022-07-29,3,23,38,43,48,3,8,35051148,1,1550,4,2022,7
1551,2022-08-02,7,18,28,40,48,8,11,14220500,0,1551,1,2022,8
1552,2022-08-05,3,29,33,35,44,8,10,25623593,0,1552,4,2022,8
1553,2022-08-09,18,19,21,27,47,5,11,34583514,0,1553,1,2022,8
1554,2022-08-12,14,17,34,35,42,6,10,46494644,0,1554,4,2022,8
1555,2022-08-16,10,14,25,32,39,7,8,55133982,0,1555,1,2022,8
1556,2022-08-19,2,9,13,19,38,2,6,66099798,0,1556,4,2022,8
1557,2022-08-23,19,26,31,39,48,2,3,73999475,0,1557,1,2022,8
1558,2022-08-26,22,23,25,38,44,11,12,86284946,0,1558,4,2022,8
1559,2022-08-30,4,6,10,15,19,1,4,97113219,0,1559,1,2022,8
1560,2022-09-02,7,12,13,20,45,3,12,110978201,1,1560,4,2022,9
1561,2022-09-06,7,10,22,29,44,4,5,14626800,0,1561,1,2022,9
1562,2022-09-09,17,23,24,26,27,4,9,112723000,0,1562,4,2022,9
1563,2022-09-13,9,12,15,40,47,1,11,124482154,0,1563,1,2022,9
1564,2022-09-16,10,27,36,45,49,3,4,140833357,0,1564,4,2022,9
1565,2022-09-20,11,21,23,32,48,3,12,152925599,0,1565,1,2022,9
1566,2022-09-23,14,15,22,35,48,3,8,171815298,1,1566,4,2022,9
1567,2022-09-27,4,20,21,34,44,1,3,15232000,0,1567,1,2022,9
1568,2022-09-30,1,2,11,16,26,3,12,27036551,0,1568,4,2022,9
1569,2022-10-04,3,18,28,42,43,3,12,36121026,0,1569,1,2022,10
1570,2022-10-07,26,27,42,45,50,1,12,49259271,0,1570,4,2022,10
1571,2022-10-11,8,23,32,35,40,1,8,59380835,0,1571,1,2022,10
1572,2022-10-14,24,28,29,34,48,3,7,69613418,0,1572,4,2022,10
1573,2022-10-18,3,5,13,42,48,1,6,78341770,0,1573,1,2022,10
1574,2022-10-21,25,26,28,38,40,1,6,90544468,0,1574,4,2022,10
1575,2022-10-25,7,24,34,39,46,1,6,100076816,0,1575,1,2022,10
1576,2022-10-28,14,16,21,28,35,1,11,111894067,0,1576,4,2022,10
1577,2022-11-01,19,37,42,47,48,1,6,122547643,0,1577,1,2022,11
1578,2022-11-04,2,11,37,45,47,2,3,140883229,1,1578,4,2022,11
1579,2022-11-08,3,5,32,33,50,1,8,14856300,0,1579,1,2022,11
1580,2022-11-11,2,19,24,25,44,2,10,26494350,0,1580,4,2022,11
1581,2022-11-15,13,21,24,31,33,1,12,35479091,0,1581,1,2022,11
1582,2022-11-18,13,16,19,35,41,1,11,47550303,0,1582,4,2022,11
1583,2022-11-22,21,22,24,29,42,3,11,56748589,0,1583,1,2022,11
1584,2022-11-25,19,21,35,37,39,2,6,67132541,0,1584,4,2022,11
1585,2022-11-29,15,20,24,35,38,8,12,75920333,0,1585,1,2022,11
1586,2022-12-02,12,21,35,39,45,6,11,111540000,0,1586,4,2022,12
1587,2022-12-06,12,20,25,26,27,8,12,123320251,1,1587,1,2022,12
1588,2022-12-09,8,27,31,46,50,1,3,14614900,0,1588,4,2022,12
1589,2022-12-13,3,9,12,26,30,10,11,23268384,0,1589,1,2022,12
1590,2022-12-16,2,15,19,35,44,2,7,35395096,0,1590,4,2022,12
1591,2022-12-20,1,11,17,20,27,4,5,45082941,1,1591,1,2022,12
1592,2022-12-23,16,17,23,26,35,5,11,14999100,0,1592,4,2022,12
1593,2022-12-27,19,31,33,34,43,3,5,23875805,1,1593,1,2022,12
1594,2022-12-30,17,34,42,47,48,1,9,15080700,0,1594,4,2022,12
1595,2023-01-03,20,21,29,45,46,3,10,23803034,0,1595,1,2023,1
1596,2023-01-06,16,31,35,44,45,4,12,35309699,0,1596,4,2023,1
1597,2023-01-10,11,13,34,40,42,3,10,45400661,0,1597,1,2023,1
1598,2023-01-13,4,13,25,33,37,5,10,60965285,1,1598,4,2023,1
1599,2023-01-17,18,21,30,46,50,2,6,14953200,0,1599,1,2023,1
1600,2023-01-20,3,6,13,40,42,7,11,26337501,0,1600,4,2023,1
1601,2023-01-24,11,27,41,43,47,7,11,35443812,0,1601,1,2023,1
1602,2023-01-27,8,9,15,19,31,10,12,47780702,0,1602,4,2023,1
1603,2023-01-31,7,12,19,33,43,3,7,58309892,1,1603,1,2023,1
1604,2023-02-03,2,14,17,32,45,3,10,24084384,0,1604,4,2023,2
1605,2023-02-07,2,8,34,44,47,3,9,33306456,0,1605,1,2023,2
1606,2023-02-10,3,13,25,36,47,3,8,45930816,0,1606,4,2023,2
1607,2023-02-14,24,26,38,43,46,2,3,55753429,0,1607,1,2023,2
1608,2023-02-17,8,23,27,42,45,1,9,69376023,0,1608,4,2023,2
1609,2023-02-21,21,22,34,41,49,2,7,77415556,0,1609,1,2023,2
1610,2023-02-24,7,23,34,42,48,1,3,90371760,1,1610,4,2023,2
1611,2023-02-28,12,29,33,37,47,5,10,14937900,0,1611,1,2023,2
1612,2023-03-03,3,6,8,24,50,10,11,114855000,0,1612,4,2023,3
1613,2023-03-07,11,13,24,35,50,6,11,129396973,1,1613,1,2023,3
1614,2023-03-10,9,16,37,38,48,2,7,15045000,0,1614,4,2023,3
1615,2023-03-14,16,26,28,31,46,11,12,23965886,0,1615,1,2023,3
1616,2023-03-17,5,15,26,37,49,8,11,35918139,0,1616,4,2023,3
1617,2023-03-21,1,9,20,29,32,2,3,45645985,0,1617,1,2023,3
1618,2023-03-24,5,12,25,36,46,6,10,58372984,1,1618,4,2023,3
1619,2023-03-28,16,21,34,36,44,9,10,14954900,0,1619,1,2023,3
1620,2023-03-31,16,18,28,34,47,5,10,26659604,0,1620,4,2023,3
1621,2023-04-04,10,16,31,33,50,3,8,35463718,0,1621,1,2023,4
1622,2023-04-07,5,26,28,36,46,6,12,47438874,0,1622,4,2023,4
1623,2023-04-11,10,14,16,19,29,2,10,56485517,0,1623,1,2023,4
1624,2023-04-14,4,11,37,44,49,6,7,67887691,0,1624,4,2023,4
1625,2023-04-18,17,21,23,35,37,10,11,76233786,0,1625,1,2023,4
1626,2023-04-21,7,8,18,33,42,2,8,89830507,0,1626,4,2023,4
1627,2023-04-25,10,29,30,40,45,1,12,100207415,0,1627,1,2023,4
1628,2023-04-28,11,13,16,23,34,1,10,113251141,0,1628,4,2023,4
1629,2023-05-02,7,32,44,47,48,7,8,124819178,0,1629,1,2023,5
1630,2023-05-05,3,8,18,34,49,3,7,46209385,3,1630,4,2023,5
1631,2023-05-09,13,17,21,28,46,7,9,14788300,0,1631,1,2023,5
1632,2023-05-12,9,10,13,39,44,4,6,26606452,0,1632,4,2023,5
1633,2023-05-16,4,6,9,14,37,4,11,35570682,0,1633,1,2023,5
1634,2023-05-19,18,27,34,41,49,3,9,47431501,0,1634,4,2023,5
1635,2023-05-23,5,6,14,23,34,2,11,56740038,0,1635,1,2023,5
1636,2023-05-26,15,25,37,38,41,1,7,67468716,0,1636,4,2023,5
1637,2023-05-30,27,29,32,33,47,2,8,75373366,0,1637,1,2023,5
1638,2023-06-02,3,12,15,25,43,10,11,111709000,1,1638,4,2023,6
1639,2023-06-06,13,21,32,39,50,2,10,14642100,0,1639,1,2023,6
1640,2023-06-09,18,26,36,41,50,11,12,25664210,0,1640,4,2023,6
1641,2023-06-13,15,16,21,41,50,5,6,34278403,0,1641,1,2023,6
1642,2023-06-16,7,26,34,41,44,9,11,45828914,0,1642,4,2023,6
1643,2023-06-20,11,17,28,32,35,5,6,55013819,1,1643,1,2023,6
1644,2023-06-23,1,3,11,33,46,10,11,14575800,0,1644,4,2023,6
1645,2023-06-27,17,22,23,27,44,1,7,22677891,0,1645,1,2023,6
1646,2023-06-30,1,6,25,29,36,7,10,33841817,0,1646,4,2023,6
1647,2023-07-04,14,17,23,36,44,2,8,42683435,0,1647,1,2023,7
1648,2023-07-07,2,11,12,19,38,4,8,54578549,0,1648,4,2023,7
1649,2023-07-11,2,11,28,42,48,4,9,31131649,2,1649,1,2023,7
1650,2023-07-14,5,8,29,35,48,5,6,14587700,0,1650,4,2023,7
1651,2023-07-18,4,12,34,35,45,1,9,22669005,0,1651,1,2023,7
1652,2023-07-21,7,31,33,35,36,7,10,33716628,0,1652,4,2023,7
1653,2023-07-25,5,7,11,27,37,6,12,41977767,0,1653,1,2023,7
1654,2023-07-28,7,32,33,34,38,6,9,53782090,0,1654,4,2023,7
1655,2023-08-01,25,27,35,40,45,7,11,62072865,1,1655,1,2023,8
1656,2023-08-04,15,20,31,44,48,1,3,14688000,0,1656,4,2023,8
1657,2023-08-08,8,9,33,35,40,3,6,22733867,0,1657,1,2023,8
1658,2023-08-11,4,6,10,13,34,3,5,33701388,0,1658,4,2023,8
1659,2023-08-15,3,5,9,32,43,6,10,41619162,0,1659,1,2023,8
1660,2023-08-18,23,25,30,44,47,9,12,52979607,0,1660,4,2023,8
1661,2023-08-22,2,9,23,32,40,6,7,60733663,0,1661,1,2023,8
1662,2023-08-25,16,17,34,35,44,5,10,72007686,0,1662,4,2023,8
1663,2023-08-29,21,23,32,40,49,8,11,81076005,0,1663,1,2023,8
1664,2023-09-01,4,5,35,37,43,5,6,93555381,1,1664,4,2023,9
1665,2023-09-05,1,7,24,41,48,10,12,14526500,0,1665,1,2023,9
1666,2023-09-08,10,20,21,26,33,3,4,25673828,0,1666,4,2023,9
1667,2023-09-12,5,14,36,40,42,2,11,34196431,0,1667,1,2023,9
1668,2023-09-15,12,14,21,45,48,8,11,23631995,2,1668,4,2023,9
1669,2023-09-19,10,15,31,41,42,2,5,14657400,0,1669,1,2023,9
1670,2023-09-22,3,23,24,34,35,5,8,26145484,0,1670,4,2023,9
1671,2023-09-26,2,6,14,19,23,5,7,34891934,0,1671,1,2023,9
1672,2023-09-29,9,11,13,21,32,2,7,112723000,1,1672,4,2023,9
1673,2023-10-03,6,20,22,24,45,4,5,14752600,0,1673,1,2023,10
1674,2023-10-06,21,29,31,34,43,2,9,26109833,0,1674,4,2023,10
1675,2023-10-10,18,20,22,33,43,3,9,34588543,0,1675,1,2023,10
1676,2023-10-13,21,26,28,40,41,2,4,49110551,0,1676,4,2023,10
1677,2023-10-17,10,17,20,35,40,3,4,58485999,1,1677,1,2023,10
1678,2023-10-20,2,20,28,40,45,1,5,14822300,0,1678,4,2023,10
1679,2023-10-24,8,16,18,31,34,6,9,22890578,1,1679,1,2023,10
1680,2023-10-27,29,33,35,48,49,3,8,14832500,1,1680,4,2023,10
1681,2023-10-31,5,7,20,40,50,2,10,14812100,0,1681,1,2023,10
1682,2023-11-03,8,21,31,39,47,5,9,27069201,1,1682,4,2023,11
1683,2023-11-07,8,10,11,30,39,4,10,14805300,0,1683,1,2023,11
1684,2023-11-10,10,21,30,38,42,2,12,25756383,0,1684,4,2023,11
1685,2023-11-14,13,16,36,44,50,3,5,33793154,0,1685,1,2023,11
1686,2023-11-17,2,24,26,46,50,2,7,45465075,0,1686,4,2023,11
1687,2023-11-21,19,29,34,46,47,2,3,53979641,0,1687,1,2023,11
1688,2023-11-24,15,20,29,39,48,1,7,64035895,0,1688,4,2023,11
1689,2023-11-28,12,16,27,33,44,7,8,71962515,1,1689,1,2023,11
1690,2023-12-01,4,10,14,38,50,9,12,171360000,0,1690,4,2023,12
1691,2023-12-05,4,6,20,24,25,5,9,187781097,0,1691,1,2023,12
1692,2023-12-08,17,30,42,48,50,4,8,206064000,1,1692,4,2023,12
1693,2023-12-12,6,28,37,39,43,9,12,14613200,0,1693,1,2023,12
1694,2023-12-15,2,13,37,38,48,5,9,26077370,0,1694,4,2023,12
1695,2023-12-19,10,20,41,43,45,2,12,34944314,0,1695,1,2023,12
1696,2023-12-22,6,14,34,44,49,4,12,48293103,1,1696,4,2023,12
1697,2023-12-26,8,27,30,35,47,9,10,14761100,0,1697,1,2023,12
1698,2023-12-29,2,3,19,36,37,6,9,26478414,0,1698,4,2023,12
1699,2024-01-02,7,15,18,46,49,10,12,34818330,0,1699,1,2024,1
1700,2024-01-05,4,7,18,39,50,3,8,46379442,0,1700,4,2024,1
1701,2024-01-09,2,9,12,39,40,1,3,55675221,0,1701,1,2024,1
1702,2024-01-12,16,17,18,45,49,9,12,67303737,0,1702,4,2024,1
1703,2024-01-16,10,18,21,33,45,8,12,75779937,1,1703,1,2024,1
1704,2024-01-19,27,28,44,48,50,7,12,14596200,1,1704,4,2024,1
1705,2024-01-23,14,23,39,48,50,3,12,14548600,0,1705,1,2024,1
1706,2024-01-26,8,19,32,41,42,9,12,111176000,0,1706,4,2024,1
1707,2024-01-30,5,10,19,27,30,5,6,61708231,2,1707,1,2024,1
1708,2024-02-02,13,20,23,27,42,5,9,14535000,0,1708,4,2024,2
1709,2024-02-06,2,7,21,28,45,5,11,22793244,0,1709,1,2024,2
1710,2024-02-09,23,24,35,37,45,9,12,34071155,0,1710,4,2024,2
1711,2024-02-13,13,17,18,20,46,4,9,42755567,0,1711,1,2024,2
1712,2024-02-16,8,13,14,24,26,1,2,54947313,0,1712,4,2024,2
1713,2024-02-20,23,31,37,42,48,3,7,62959762,1,1713,1,2024,2
1714,2024-02-23,24,27,28,30,49,1,12,14529900,0,1714,4,2024,2
1715,2024-02-27,3,4,9,12,20,5,6,22668447,0,1715,1,2024,2
1716,2024-03-01,4,7,19,20,34,2,4,33832786,0,1716,4,2024,3
1717,2024-03-05,2,15,17,23,36,3,8,42534485,0,1717,1,2024,3
1718,2024-03-08,8,11,12,16,44,4,7,54258756,0,1718,4,2024,3
1719,2024-03-12,13,19,30,38,46,4,12,62319725,0,1719,1,2024,3
1720,2024-03-15,1,4,31,34,40,4,5,111228000,1,1720,4,2024,3
1721,2024-03-19,7,16,18,20,32,1,3,14531600,0,1721,1,2024,3
1722,2024-03-22,8,11,23,32,44,9,10,25257322,0,1722,4,2024,3
1723,2024-03-26,2,13,14,26,29,5,6,33474458,0,1723,1,2024,3
1724,2024-03-29,16,17,35,36,49,1,10,44637566,0,1724,4,2024,3
1725,2024-04-02,1,23,31,36,48,5,8,52991752,0,1725,1,2024,4
1726,2024-04-05,13,18,26,35,37,8,11,63133397,0,1726,4,2024,4
1727,2024-04-09,19,23,26,27,46,2,10,71095344,0,1727,1,2024,4
1728,2024-04-12,2,3,12,16,45,2,11,81652272,0,1728,4,2024,4
1729,2024-04-16,22,29,31,39,46,3,7,90926180,0,1729,1,2024,4
1730,2024-04-19,10,20,40,44,46,1,3,104634780,0,1730,4,2024,4
1731,2024-04-23,6,9,11,32,49,2,10,115318610,0,1731,1,2024,4
1732,2024-04-26,2,20,39,40,47,4,8,130290236,0,1732,4,2024,4
1733,2024-04-30,13,22,24,33,47,1,5,142605492,1,1733,1,2024,4
1734,2024-05-03,6,9,10,30,49,3,4,14597900,0,1734,4,2024,5
1735,2024-05-07,35,36,41,42,45,6,11,22751465,0,1735,1,2024,5
1736,2024-05-10,13,28,29,44,48,4,12,33335763,0,1736,4,2024,5
1737,2024-05-14,2,8,17,28,35,7,9,41933803,1,1737,1,2024,5
1738,2024-05-17,18,31,32,41,46,1,10,14562200,0,1738,4,2024,5
1739,2024-05-21,11,13,14,34,48,7,9,22076027,0,1739,1,2024,5
1740,2024-05-24,9,12,18,22,50,1,3,32523165,0,1740,4,2024,5
1741,2024-05-28,16,18,35,36,41,6,7,40682863,0,1741,1,2024,5
1742,2024-05-31,4,7,16,33,34,7,8,52171704,0,1742,4,2024,5
1743,2024-06-04,6,7,9,14,43,3,4,59838166,0,1743,1,2024,6
1744,2024-06-07,15,16,26,30,37,5,8,110474000,0,1744,4,2024,6
1745,2024-06-11,7,15,34,45,48,7,9,121156630,0,1745,1,2024,6
1746,2024-06-14,2,13,16,24,32,1,7,136146674,0,1746,4,2024,6
1747,2024-06-18,3,11,33,34,36,1,12,148984360,0,1747,1,2024,6
1748,2024-06-21,3,4,7,11,17,3,12,165658649,0,1748,4,2024,6
1749,2024-06-25,14,16,37,45,49,5,7,180756232,1,1749,1,2024,6
1750,2024-06-28,10,16,18,22,35,1,10,14422800,0,1750,4,2024,6
1751,2024-07-02,2,7,34,35,46,6,8,22493319,0,1751,1,2024,7
1752,2024-07-05,11,13,29,31,47,1,11,33078307,1,1752,4,2024,7
1753,2024-07-09,6,15,19,28,39,7,11,14392200,0,1753,1,2024,7
1754,2024-07-12,12,18,24,25,39,8,10,24485102,0,1754,4,2024,7
1755,2024-07-16,2,32,35,36,39,7,8,32439060,0,1755,1,2024,7
1756,2024-07-19,15,22,35,44,48,6,7,44158558,2,1756,4,2024,7
1757,2024-07-23,4,8,10,16,34,4,8,14312300,0,1757,1,2024,7
1758,2024-07-26,4,19,23,35,37,4,8,24145750,1,1758,4,2024,7
1759,2024-07-30,9,25,28,37,38,2,8,14336100,0,1759,1,2024,7
1760,2024-08-02,5,7,12,33,46,3,12,24543900,0,1760,4,2024,8
1761,2024-08-06,1,18,27,41,50,2,12,32811078,0,1761,1,2024,8
1762,2024-08-09,21,23,25,33,44,4,10,43386309,0,1762,4,2024,8
1763,2024-08-13,15,16,39,40,47,1,6,52082902,0,1763,1,2024,8
1764,2024-08-16,15,17,29,45,49,1,10,62021629,0,1764,4,2024,8
1765,2024-08-20,7,10,13,18,26,3,12,70030320,0,1765,1,2024,8
1766,2024-08-23,9,15,24,47,50,8,9,80134912,0,1766,4,2024,8
1767,2024-08-27,1,8,11,42,47,4,11,88587174,0,1767,1,2024,8
1768,2024-08-30,3,24,27,33,42,4,6,100932446,0,1768,4,2024,8
1769,2024-09-03,7,9,11,16,45,2,5,111706402,0,1769,1,2024,9
1770,2024-09-06,12,14,34,41,47,3,4,125920031,1,1770,4,2024,9
1771,2024-09-10,6,29,46,47,48,2,9,14332700,0,1771,1,2024,9
1772,2024-09-13,10,15,17,31,42,4,12,26624239,0,1772,4,2024,9
1773,2024-09-17,20,30,32,41,44,1,10,34996870,0,1773,1,2024,9
1774,2024-09-20,16,25,29,34,37,3,7,45909304,0,1774,4,2024,9
1775,2024-09-24,18,20,21,36,49,3,5,54491831,0,1775,1,2024,9
1776,2024-09-27,7,20,21,27,38,5,12,108576000,0,1776,4,2024,9
1777,2024-10-01,8,22,29,41,42,9,11,120099439,0,1777,1,2024,10
1778,2024-10-04,4,8,16,17,20,1,6,135824926,1,1778,4,2024,10
1779,2024-10-08,7,14,19,34,40,6,8,14263000,0,1779,1,2024,10
1780,2024-10-11,16,23,32,46,49,4,5,24975215,0,1780,4,2024,10
1781,2024-10-15,2,15,32,36,48,3,9,32964079,0,1781,1,2024,10
1782,2024-10-18,4,15,23,30,39,1,12,44214819,0,1782,4,2024,10
1783,2024-10-22,3,13,27,30,46,1,2,52767199,0,1783,1,2024,10
1784,2024-10-25,4,17,20,25,45,8,9,63622199,0,1784,4,2024,10
1785,2024-10-29,1,2,19,30,45,10,12,71368025,0,1785,1,2024,10
1786,2024-11-01,7,33,38,44,50,2,7,82255604,0,1786,4,2024,11
1787,2024-11-05,1,8,19,37,50,6,9,91973310,0,1787,1,2024,11
1788,2024-11-08,2,33,35,42,48,1,3,103665143,0,1788,4,2024,11
1789,2024-11-12,10,11,12,22,50,1,10,114433995,0,1789,1,2024,11
1790,2024-11-15,7,8,34,39,44,2,6,128577965,0,1790,4,2024,11
1791,2024-11-19,4,13,20,28,49,7,12,140419087,0,1791,1,2024,11
1792,2024-11-22,10,11,12,29,31,8,11,161692181,0,1792,4,2024,11
1793,2024-11-26,7,11,25,31,40,9,12,177033699,1,1793,1,2024,11
1794,2024-11-29,8,17,18,29,43,5,9,14128700,0,1794,4,2024,11
1795,2024-12-03,23,25,34,46,47,6,8,22425451,0,1795,1,2024,12
1796,2024-12-06,14,25,39,44,47,6,10,33484744,0,1796,4,2024,12
1797,2024-12-10,5,24,25,29,47,5,9,42059626,0,1797,1,2024,12
1798,2024-12-13,1,15,25,42,50,4,10,56493998,0,1798,4,2024,12
1799,2024-12-17,1,3,4,21,29,2,7,64077706,1,1799,1,2024,12
1800,2024-12-20,10,14,21,33,50,6,9,14108300,0,1800,4,2024,12
1801,2024-12-24,6,10,16,23,24,11,12,23871600,0,1801,1,2024,12
1802,2024-12-27,12,22,27,33,45,4,8,34188089,1,1802,4,2024,12
1803,2024-12-31,19,24,26,28,33,8,12,14081100,0,1803,1,2024,12
1804,2025-01-03,3,19,29,35,37,1,9,24174526,0,1804,4,2025,1
1805,2025-01-07,20,33,35,41,47,4,12,32480651,0,1805,1,2025,1
1806,2025-01-10,12,27,36,37,42,6,7,44419556,0,1806,4,2025,1
1807,2025-01-14,18,20,29,41,48,5,9,53997370,0,1807,1,2025,1
1808,2025-01-17,8,15,24,35,42,6,8,64403626,0,1808,4,2025,1
1809,2025-01-21,6,8,14,27,41,4,5,72694900,0,1809,1,2025,1
1810,2025-01-24,2,11,19,30,49,3,8,83474082,1,1810,4,2025,1
1811,2025-01-28,9,37,41,42,49,1,9,14268100,0,1811,1,2025,1
1812,2025-01-31,22,30,41,44,49,2,7,24863884,0,1812,4,2025,1
1813,2025-02-04,3,4,29,39,43,5,10,33048456,0,1813,1,2025,2
1814,2025-02-07,10,23,24,29,45,8,10,44444737,0,1814,4,2025,2
1815,2025-02-11,3,21,36,41,46,1,6,53555254,0,1815,1,2025,2
1816,2025-02-14,4,14,31,36,38,3,10,65341621,1,1816,4,2025,2
1817,2025-02-18,5,14,25,26,40,5,7,14108300,0,1817,1,2025,2
1818,2025-02-21,1,3,11,20,43,2,11,24259190,0,1818,4,2025,2
1819,2025-02-25,17,22,23,24,44,6,11,32322607,0,1819,1,2025,2
1820,2025-02-28,7,16,31,43,46,5,9,43285890,1,1820,4,2025,2
1821,2025-03-04,15,20,29,35,42,2,9,14123600,0,1821,1,2025,3
1822,2025-03-07,6,10,27,32,48,3,8,109187000,0,1822,4,2025,3
1823,2025-03-11,13,36,37,42,47,7,11,121975243,0,1823,1,2025,3
1824,2025-03-14,8,10,33,35,49,2,9,137561429,0,1824,4,2025,3
1825,2025-03-18,4,9,35,46,50,8,11,151084676,0,1825,1,2025,3
1826,2025-03-21,9,17,18,21,50,5,12,168069397,0,1826,4,2025,3
1827,2025-03-25,1,3,18,33,36,2,6,183946479,0,1827,1,2025,3
1828,2025-03-28,10,21,30,42,45,1,9,209300000,1,1828,4,2025,3
1829,2025-04-01,9,24,30,46,49,4,12,14213700,0,1829,1,2025,4
1830,2025-04-04,27,39,41,45,50,5,7,25602915,1,1830,4,2025,4
1831,2025-04-08,3,14,15,48,49,1,7,14594500,0,1831,1,2025,4
1832,2025-04-11,14,28,34,46,49,3,8,25709199,0,1832,4,2025,4
1833,2025-04-15,3,31,33,38,44,6,12,33794376,0,1833,1,2025,4
1834,2025-04-18,20,27,35,39,48,3,8,45027369,0,1834,4,2025,4
1835,2025-04-22,7,28,33,37,47,9,12,53570179,0,1835,1,2025,4
1836,2025-04-25,13,22,32,39,41,1,12,63560012,0,1836,4,2025,4
1837,2025-04-29,2,9,24,30,41,1,11,71243649,0,1837,1,2025,4
1838,2025-05-02,3,5,19,21,49,1,10,82880184,0,1838,4,2025,5
1839,2025-05-06,8,23,24,47,48,4,9,92054251,0,1839,1,2025,5
1840,2025-05-09,15,18,25,29,47,5,9,104104433,0,1840,4,2025,5
1841,2025-05-13,9,19,44,47,50,2,9,113923081,0,1841,1,2025,5
1842,2025-05-16,6,9,25,37,46,6,12,127273727,0,1842,4,2025,5
1843,2025-05-20,1,8,13,29,47,5,6,139135511,0,1843,1,2025,5
1844,2025-05-23,10,29,43,46,49,7,12,153225546,0,1844,4,2025,5
1845,2025-05-27,12,30,38,40,41,4,12,166329474,0,1845,1,2025,5
1846,2025-05-30,4,7,14,33,36,1,5,184193289,0,1846,4,2025,5
1847,2025-06-03,12,15,38,47,48,5,7,201083864,0,1847,1,2025,6
1848,2025-06-06,20,21,29,30,35,2,12,210775000,0,1848,4,2025,6
1849,2025-06-10,19,36,39,40,45,5,6,211875000,0,1849,1,2025,6
1850,2025-06-13,2,28,40,43,45,3,7,212575000,0,1850,4,2025,6
1851,2025-06-17,13,22,23,44,49,3,5,213650000,1,1851,1,2025,6
1852,2025-06-20,5,8,24,37,47,3,9,14569000,0,1852,4,2025,6
1853,2025-06-24,7,16,21,23,39,7,11,22994509,0,1853,1,2025,6
1854,2025-06-27,19,27,36,45,49,7,10,34475868,0,1854,4,2025,6
1855,2025-07-01,1,17,28,32,34,7,8,43818269,0,1855,1,2025,7
1856,2025-07-04,19,29,42,45,48,5,7,56006015,0,1856,4,2025,7
1857,2025-07-08,1,8,9,18,50,1,5,64367280,0,1857,1,2025,7
1858,2025-07-11,8,23,24,45,49,2,10,75185800,0,1858,4,2025,7
1859,2025-07-15,24,38,41,45,49,1,6,84014945,0,1859,1,2025,7
1860,2025-07-18,13,19,25,42,45,2,9,96797541,0,1860,4,2025,7
1861,2025-07-22,8,15,26,33,41,9,10,107138894,0,1861,1,2025,7
1862,2025-07-25,6,7,23,32,36,11,12,120532068,0,1862,4,2025,7
1863,2025-07-29,5,6,42,44,46,4,8,130116570,0,1863,1,2025,7
1864,2025-08-01,4,16,25,29,30,2,10,145228808,0,1864,4,2025,8
1865,2025-08-05,1,3,5,42,47,5,10,156693569,0,1865,1,2025,8
1866,2025-08-08,2,12,19,34,44,6,10,171118004,0,1866,4,2025,8
1867,2025-08-12,18,28,42,46,48,3,9,184536067,0,1867,1,2025,8
1868,2025-08-15,13,30,35,36,40,2,6,200645465,0,1868,4,2025,8
1869,2025-08-19,24,31,34,41,43,6,8,21615000,1,1869,1,2025,8
1870,2025-08-22,6,9,12,30,39,4,10,14745800,0,1870,4,2025,8
1871,2025-08-26,2,14,38,42,45,10,11,23177179,0,1871,1,2025,8
1872,2025-08-29,6,9,10,13,37,1,7,34757748,0,1872,4,2025,8
1873,2025-09-02,13,30,31,32,36,1,12,44408792,0,1873,1,2025,9
1874,2025-09-05,27,30,31,41,43,5,8,56681384,1,1874,4,2025,9
1875,2025-09-09,3,13,24,39,40,2,8,14732200,0,1875,1,2025,9
1876,2025-09-12,5,10,23,31,37,3,11,25768241,0,1876,4,2025,9
1877,2025-09-16,1,9,13,35,40,5,6,34718425,0,1877,1,2025,9
1878,2025-09-19,8,10,26,32,42,9,12,46564196,0,1878,4,2025,9
1879,2025-09-23,11,13,24,29,33,2,5,56128723,0,1879,1,2025,9
1880,2025-09-26,4,17,25,28,44,5,11,113568000,0,1880,4,2025,9
